id,item_group_id,title,description,price,sale_price,image_link,link,availability,condition,brand,google_product_category,color,fabric
"0ea7153a-2dbc-44b7-80a4-c61de737ca1e-black","0ea7153a-2dbc-44b7-80a4-c61de737ca1e","Noir Royale 3-PC Dhanak Embroidery  - Black","Premium Dhanak Embroidered 3-Piece – Winter Collection  Elevate your winter wardrobe with this premium-quality Dhanak 3-piece unstitched suit, featuring intricate embroidery, elegant sequence work, and a beautifully detailed shawl. Designed for a sophisticated and luxurious winter look. Product Details;  Fabric: Premium Full-Procedure Dhanak Shirt: Embroidered Daman with Sequence Work Sleeves: Embroidered Patch with Sequence Work Trouser: Embroidered Patch with Sequence Work Extra: One Additional Embroidered Patch with Sequence Work Shawl: Embroidered Dhanak Shawl with Sequence Work Pallu: Embroidered Pallu Patches with Sequence Work Set: 3-Piece Unstitched Collection: Winter 2026 Design: BK 276 Why You'll Love It A rich winter fabric paired with detailed embroidery and delicate sequence work makes this ensemble perfect for festive gatherings, winter events, dinners, and special occasions. The coordinated embroidered shawl adds an elegant finishing touch to the complete look. ✨ Premium Quality   |   Detailed Embroidery   |   Elegant Winter Design","4750 PKR","4750 PKR","https://res.cloudinary.com/bjtjg5o2/image/upload/v1789998527/nayara-products/mezalv9meiszuqrk4ag3.jpg","https://www.nayarazone.store/shop/0ea7153a-2dbc-44b7-80a4-c61de737ca1e","in stock","new","Nayarazone","Apparel & Accessories > Clothing > Traditional & Ethnic Apparel","Black","Dhanak"
"3a937c67-c1e7-4d93-9fe2-6d80166db565-blue","3a937c67-c1e7-4d93-9fe2-6d80166db565","Shampoo Silk Collection 3-Pc Silk  - Blue","✨ Premium Shamooz Silk Collection ✨ Elevate your wardrobe with the timeless elegance of Premium Shamooz Silk. Designed for a luxurious look and graceful fall, this 3-piece unstitched ensemble combines a beautifully detailed digital print with a soft, premium silk feel. Product Details: Fabric: Premium Shamooz Silk with a soft, luxurious touch Shirt & Trouser: Digital Printed Silk — 3.5 Yards, 54"" Width Dupatta: Matching Digital Printed Apple Silk Set: Complete 3-Piece Unstitched Suit Elegant digital prints for a sophisticated, statement look Smooth texture and graceful drape, perfect for an elevated seasonal wardrobe ✨ Why You'll Love It: A luxurious fabric, refined digital print, and coordinated dupatta come together to create a polished outfit that feels effortlessly elegant. Perfect for: Festive gatherings, dinners, special occasions, and sophisticated everyday styling.","3200 PKR","3200 PKR","https://res.cloudinary.com/bjtjg5o2/image/upload/v1789988403/nayara-products/yqkhhz9mwnb2kc3u1hk3.jpg","https://www.nayarazone.store/shop/3a937c67-c1e7-4d93-9fe2-6d80166db565","in stock","new","Nayarazone","Apparel & Accessories > Clothing > Traditional & Ethnic Apparel","Blue","Silk"
"3a937c67-c1e7-4d93-9fe2-6d80166db565-black","3a937c67-c1e7-4d93-9fe2-6d80166db565","Shampoo Silk Collection 3-Pc Silk  - Black","✨ Premium Shamooz Silk Collection ✨ Elevate your wardrobe with the timeless elegance of Premium Shamooz Silk. Designed for a luxurious look and graceful fall, this 3-piece unstitched ensemble combines a beautifully detailed digital print with a soft, premium silk feel. Product Details: Fabric: Premium Shamooz Silk with a soft, luxurious touch Shirt & Trouser: Digital Printed Silk — 3.5 Yards, 54"" Width Dupatta: Matching Digital Printed Apple Silk Set: Complete 3-Piece Unstitched Suit Elegant digital prints for a sophisticated, statement look Smooth texture and graceful drape, perfect for an elevated seasonal wardrobe ✨ Why You'll Love It: A luxurious fabric, refined digital print, and coordinated dupatta come together to create a polished outfit that feels effortlessly elegant. Perfect for: Festive gatherings, dinners, special occasions, and sophisticated everyday styling.","3200 PKR","3200 PKR","https://res.cloudinary.com/bjtjg5o2/image/upload/v1789988403/nayara-products/f8xvngatt5ynyrykyosp.jpg","https://www.nayarazone.store/shop/3a937c67-c1e7-4d93-9fe2-6d80166db565","in stock","new","Nayarazone","Apparel & Accessories > Clothing > Traditional & Ethnic Apparel","Black","Silk"
"f0744f54-92ed-4024-aa7b-673ceb73e002","f0744f54-92ed-4024-aa7b-673ceb73e002","Noor e Taqdeer 3-Pc Airjet Dhanak Embroidered ","Deep purple - Winter Airjet Dhanak  Draped in deep purple elegance, Noor-e-Shab is a luxurious 3-piece Airjet Dhanak suit crafted for women who wear warmth with grace. A perfect blend of rich embroidery and premium winter fabric — dressed to impress, built to last. Shirt Full heavy embroidery on the front from neckline to hem, with beautifully detailed embroidered sleeves for a regal, head-to-toe finished look. Trouser Dyed Airjet Dhanak in a smooth, complementary shade — soft on the skin and elegant in drape. Shawl Airjet Dhanak embroidered shawl with 4-sided lace and embroidered motifs — warm, graceful, and styled to complete your look. Why Choose Noor-e-Shab? ✦ 100% Full Procedure Airjet Dhanak — exceptionally soft, warm & breathable ✦ Heavy embroidery on shirt & sleeves — no compromise on detail ✦ 4-sided lace shawl with motifs — ready to wear, no extra styling needed ✦ Rich deep purple shade — versatile for casual gatherings to formal events ✦ Premium winter fabric at an unbeatable price","5600 PKR","5600 PKR","https://res.cloudinary.com/bjtjg5o2/image/upload/v1789987630/nayara-products/auk68hypdsxsfgohcdze.png","https://www.nayarazone.store/shop/f0744f54-92ed-4024-aa7b-673ceb73e002","in stock","new","Nayarazone","Apparel & Accessories > Clothing > Traditional & Ethnic Apparel","","Dhanak"
"a7bcd079-719c-4adf-aea7-d42bf51211af-black","a7bcd079-719c-4adf-aea7-d42bf51211af","Black Majesty PURE DHANAK 3-PC EMBROIDERED - Black","Pure Dhanak Embroidered 3-Piece Winter Collection Elevate your winter wardrobe with this beautifully embroidered Pure Dhanak 3-piece suit, crafted for warmth, comfort, and timeless elegance. Product Includes: Heavy embroidered front with intricate boring work Heavy embroidered sleeves with boring work Heavy embroidered daman patch Premium-quality dyed trouser Heavy embroidered Pure Dhanak shawl Fabric: 100% Pure Dhanak A refined winter ensemble that combines rich embroidery with premium fabric for a sophisticated seasonal look. Note: Actual colours may vary slightly from the product images due to lighting, photography, and individual screen settings.","4550 PKR","4550 PKR","https://res.cloudinary.com/bjtjg5o2/image/upload/v1789908909/nayara-products/k9x146pnj9pht4a9jg17.jpg","https://www.nayarazone.store/shop/a7bcd079-719c-4adf-aea7-d42bf51211af","in stock","new","Nayarazone","Apparel & Accessories > Clothing > Traditional & Ethnic Apparel","Black","Dhanak"
"f91c3265-ffcd-4af1-8a5a-e334c634231d-zinc","f91c3265-ffcd-4af1-8a5a-e334c634231d","Nooré Dhanak 3-PC Embroiderey Collection - Zinc","3-Piece Embroidery Dhanak Collection A beautifully crafted winter 3-piece featuring premium-quality Airjet Dhanak fabric with elegant embroidery, designed for a refined and comfortable seasonal look. Product Includes: Fully embroidered front Embroidered XXL sleeves Embroidered trouser Dhanak lace dupatta Premium Airjet Dhanak fabric Available in 15 Different Colours  Why Choose It? A perfect blend of warmth, comfort, and effortless elegance—ideal for everyday winter wear and casual gatherings. Note: Actual colours may vary slightly from the product images due to lighting, photography, and screen settings.","3700 PKR","3700 PKR","https://res.cloudinary.com/bjtjg5o2/image/upload/v1789893941/nayara-products/j9opizguho6zhcpipffv.jpg","https://www.nayarazone.store/shop/f91c3265-ffcd-4af1-8a5a-e334c634231d","in stock","new","Nayarazone","Apparel & Accessories > Clothing > Traditional & Ethnic Apparel","Zinc","Dhanak"
"f91c3265-ffcd-4af1-8a5a-e334c634231d-red","f91c3265-ffcd-4af1-8a5a-e334c634231d","Nooré Dhanak 3-PC Embroiderey Collection - Red","3-Piece Embroidery Dhanak Collection A beautifully crafted winter 3-piece featuring premium-quality Airjet Dhanak fabric with elegant embroidery, designed for a refined and comfortable seasonal look. Product Includes: Fully embroidered front Embroidered XXL sleeves Embroidered trouser Dhanak lace dupatta Premium Airjet Dhanak fabric Available in 15 Different Colours  Why Choose It? A perfect blend of warmth, comfort, and effortless elegance—ideal for everyday winter wear and casual gatherings. Note: Actual colours may vary slightly from the product images due to lighting, photography, and screen settings.","3700 PKR","3700 PKR","https://res.cloudinary.com/bjtjg5o2/image/upload/v1789893941/nayara-products/lrbcpjvsywmso3wfvyeo.jpg","https://www.nayarazone.store/shop/f91c3265-ffcd-4af1-8a5a-e334c634231d","in stock","new","Nayarazone","Apparel & Accessories > Clothing > Traditional & Ethnic Apparel","Red","Dhanak"
"f91c3265-ffcd-4af1-8a5a-e334c634231d-yellow","f91c3265-ffcd-4af1-8a5a-e334c634231d","Nooré Dhanak 3-PC Embroiderey Collection - Yellow","3-Piece Embroidery Dhanak Collection A beautifully crafted winter 3-piece featuring premium-quality Airjet Dhanak fabric with elegant embroidery, designed for a refined and comfortable seasonal look. Product Includes: Fully embroidered front Embroidered XXL sleeves Embroidered trouser Dhanak lace dupatta Premium Airjet Dhanak fabric Available in 15 Different Colours  Why Choose It? A perfect blend of warmth, comfort, and effortless elegance—ideal for everyday winter wear and casual gatherings. Note: Actual colours may vary slightly from the product images due to lighting, photography, and screen settings.","3700 PKR","3700 PKR","https://res.cloudinary.com/bjtjg5o2/image/upload/v1789893941/nayara-products/znuba1ktmakxdqtzcive.jpg","https://www.nayarazone.store/shop/f91c3265-ffcd-4af1-8a5a-e334c634231d","in stock","new","Nayarazone","Apparel & Accessories > Clothing > Traditional & Ethnic Apparel","Yellow","Dhanak"
"f91c3265-ffcd-4af1-8a5a-e334c634231d-grey","f91c3265-ffcd-4af1-8a5a-e334c634231d","Nooré Dhanak 3-PC Embroiderey Collection - Grey","3-Piece Embroidery Dhanak Collection A beautifully crafted winter 3-piece featuring premium-quality Airjet Dhanak fabric with elegant embroidery, designed for a refined and comfortable seasonal look. Product Includes: Fully embroidered front Embroidered XXL sleeves Embroidered trouser Dhanak lace dupatta Premium Airjet Dhanak fabric Available in 15 Different Colours  Why Choose It? A perfect blend of warmth, comfort, and effortless elegance—ideal for everyday winter wear and casual gatherings. Note: Actual colours may vary slightly from the product images due to lighting, photography, and screen settings.","3700 PKR","3700 PKR","https://res.cloudinary.com/bjtjg5o2/image/upload/v1789893941/nayara-products/ci05skrg0nrp5gqwhoad.jpg","https://www.nayarazone.store/shop/f91c3265-ffcd-4af1-8a5a-e334c634231d","in stock","new","Nayarazone","Apparel & Accessories > Clothing > Traditional & Ethnic Apparel","Grey","Dhanak"
"f91c3265-ffcd-4af1-8a5a-e334c634231d-beige","f91c3265-ffcd-4af1-8a5a-e334c634231d","Nooré Dhanak 3-PC Embroiderey Collection - Beige","3-Piece Embroidery Dhanak Collection A beautifully crafted winter 3-piece featuring premium-quality Airjet Dhanak fabric with elegant embroidery, designed for a refined and comfortable seasonal look. Product Includes: Fully embroidered front Embroidered XXL sleeves Embroidered trouser Dhanak lace dupatta Premium Airjet Dhanak fabric Available in 15 Different Colours  Why Choose It? A perfect blend of warmth, comfort, and effortless elegance—ideal for everyday winter wear and casual gatherings. Note: Actual colours may vary slightly from the product images due to lighting, photography, and screen settings.","3700 PKR","3700 PKR","https://res.cloudinary.com/bjtjg5o2/image/upload/v1789893942/nayara-products/kft5pi32gnak2nbij0e7.jpg","https://www.nayarazone.store/shop/f91c3265-ffcd-4af1-8a5a-e334c634231d","in stock","new","Nayarazone","Apparel & Accessories > Clothing > Traditional & Ethnic Apparel","Beige","Dhanak"
"f91c3265-ffcd-4af1-8a5a-e334c634231d-baby-pink","f91c3265-ffcd-4af1-8a5a-e334c634231d","Nooré Dhanak 3-PC Embroiderey Collection - Baby Pink","3-Piece Embroidery Dhanak Collection A beautifully crafted winter 3-piece featuring premium-quality Airjet Dhanak fabric with elegant embroidery, designed for a refined and comfortable seasonal look. Product Includes: Fully embroidered front Embroidered XXL sleeves Embroidered trouser Dhanak lace dupatta Premium Airjet Dhanak fabric Available in 15 Different Colours  Why Choose It? A perfect blend of warmth, comfort, and effortless elegance—ideal for everyday winter wear and casual gatherings. Note: Actual colours may vary slightly from the product images due to lighting, photography, and screen settings.","3700 PKR","3700 PKR","https://res.cloudinary.com/bjtjg5o2/image/upload/v1789893941/nayara-products/kni0qrwqeuaucorzokdq.jpg","https://www.nayarazone.store/shop/f91c3265-ffcd-4af1-8a5a-e334c634231d","in stock","new","Nayarazone","Apparel & Accessories > Clothing > Traditional & Ethnic Apparel","Baby Pink","Dhanak"
"f91c3265-ffcd-4af1-8a5a-e334c634231d-maroon","f91c3265-ffcd-4af1-8a5a-e334c634231d","Nooré Dhanak 3-PC Embroiderey Collection - Maroon","3-Piece Embroidery Dhanak Collection A beautifully crafted winter 3-piece featuring premium-quality Airjet Dhanak fabric with elegant embroidery, designed for a refined and comfortable seasonal look. Product Includes: Fully embroidered front Embroidered XXL sleeves Embroidered trouser Dhanak lace dupatta Premium Airjet Dhanak fabric Available in 15 Different Colours  Why Choose It? A perfect blend of warmth, comfort, and effortless elegance—ideal for everyday winter wear and casual gatherings. Note: Actual colours may vary slightly from the product images due to lighting, photography, and screen settings.","3700 PKR","3700 PKR","https://res.cloudinary.com/bjtjg5o2/image/upload/v1789893941/nayara-products/pawttfvxy7gs0pb5smzf.jpg","https://www.nayarazone.store/shop/f91c3265-ffcd-4af1-8a5a-e334c634231d","in stock","new","Nayarazone","Apparel & Accessories > Clothing > Traditional & Ethnic Apparel","Maroon","Dhanak"
"f91c3265-ffcd-4af1-8a5a-e334c634231d-green","f91c3265-ffcd-4af1-8a5a-e334c634231d","Nooré Dhanak 3-PC Embroiderey Collection - Green","3-Piece Embroidery Dhanak Collection A beautifully crafted winter 3-piece featuring premium-quality Airjet Dhanak fabric with elegant embroidery, designed for a refined and comfortable seasonal look. Product Includes: Fully embroidered front Embroidered XXL sleeves Embroidered trouser Dhanak lace dupatta Premium Airjet Dhanak fabric Available in 15 Different Colours  Why Choose It? A perfect blend of warmth, comfort, and effortless elegance—ideal for everyday winter wear and casual gatherings. Note: Actual colours may vary slightly from the product images due to lighting, photography, and screen settings.","3700 PKR","3700 PKR","https://res.cloudinary.com/bjtjg5o2/image/upload/v1789893941/nayara-products/ruslc0t6dvagjobkwsmj.jpg","https://www.nayarazone.store/shop/f91c3265-ffcd-4af1-8a5a-e334c634231d","in stock","new","Nayarazone","Apparel & Accessories > Clothing > Traditional & Ethnic Apparel","Green","Dhanak"
"f91c3265-ffcd-4af1-8a5a-e334c634231d-white","f91c3265-ffcd-4af1-8a5a-e334c634231d","Nooré Dhanak 3-PC Embroiderey Collection - White","3-Piece Embroidery Dhanak Collection A beautifully crafted winter 3-piece featuring premium-quality Airjet Dhanak fabric with elegant embroidery, designed for a refined and comfortable seasonal look. Product Includes: Fully embroidered front Embroidered XXL sleeves Embroidered trouser Dhanak lace dupatta Premium Airjet Dhanak fabric Available in 15 Different Colours  Why Choose It? A perfect blend of warmth, comfort, and effortless elegance—ideal for everyday winter wear and casual gatherings. Note: Actual colours may vary slightly from the product images due to lighting, photography, and screen settings.","3700 PKR","3700 PKR","https://res.cloudinary.com/bjtjg5o2/image/upload/v1789893941/nayara-products/xpgu9gey26hjjrvor3xk.jpg","https://www.nayarazone.store/shop/f91c3265-ffcd-4af1-8a5a-e334c634231d","in stock","new","Nayarazone","Apparel & Accessories > Clothing > Traditional & Ethnic Apparel","White","Dhanak"
"f91c3265-ffcd-4af1-8a5a-e334c634231d-mustard","f91c3265-ffcd-4af1-8a5a-e334c634231d","Nooré Dhanak 3-PC Embroiderey Collection - Mustard","3-Piece Embroidery Dhanak Collection A beautifully crafted winter 3-piece featuring premium-quality Airjet Dhanak fabric with elegant embroidery, designed for a refined and comfortable seasonal look. Product Includes: Fully embroidered front Embroidered XXL sleeves Embroidered trouser Dhanak lace dupatta Premium Airjet Dhanak fabric Available in 15 Different Colours  Why Choose It? A perfect blend of warmth, comfort, and effortless elegance—ideal for everyday winter wear and casual gatherings. Note: Actual colours may vary slightly from the product images due to lighting, photography, and screen settings.","3700 PKR","3700 PKR","https://res.cloudinary.com/bjtjg5o2/image/upload/v1789893942/nayara-products/hecjhrrknrt8ecvld7he.jpg","https://www.nayarazone.store/shop/f91c3265-ffcd-4af1-8a5a-e334c634231d","in stock","new","Nayarazone","Apparel & Accessories > Clothing > Traditional & Ethnic Apparel","Mustard","Dhanak"
"f91c3265-ffcd-4af1-8a5a-e334c634231d-lavender","f91c3265-ffcd-4af1-8a5a-e334c634231d","Nooré Dhanak 3-PC Embroiderey Collection - Lavender","3-Piece Embroidery Dhanak Collection A beautifully crafted winter 3-piece featuring premium-quality Airjet Dhanak fabric with elegant embroidery, designed for a refined and comfortable seasonal look. Product Includes: Fully embroidered front Embroidered XXL sleeves Embroidered trouser Dhanak lace dupatta Premium Airjet Dhanak fabric Available in 15 Different Colours  Why Choose It? A perfect blend of warmth, comfort, and effortless elegance—ideal for everyday winter wear and casual gatherings. Note: Actual colours may vary slightly from the product images due to lighting, photography, and screen settings.","3700 PKR","3700 PKR","https://res.cloudinary.com/bjtjg5o2/image/upload/v1789893942/nayara-products/bvpt232qka8zxbalusqp.jpg","https://www.nayarazone.store/shop/f91c3265-ffcd-4af1-8a5a-e334c634231d","in stock","new","Nayarazone","Apparel & Accessories > Clothing > Traditional & Ethnic Apparel","Lavender","Dhanak"
"f91c3265-ffcd-4af1-8a5a-e334c634231d-pink","f91c3265-ffcd-4af1-8a5a-e334c634231d","Nooré Dhanak 3-PC Embroiderey Collection - Pink","3-Piece Embroidery Dhanak Collection A beautifully crafted winter 3-piece featuring premium-quality Airjet Dhanak fabric with elegant embroidery, designed for a refined and comfortable seasonal look. Product Includes: Fully embroidered front Embroidered XXL sleeves Embroidered trouser Dhanak lace dupatta Premium Airjet Dhanak fabric Available in 15 Different Colours  Why Choose It? A perfect blend of warmth, comfort, and effortless elegance—ideal for everyday winter wear and casual gatherings. Note: Actual colours may vary slightly from the product images due to lighting, photography, and screen settings.","3700 PKR","3700 PKR","https://res.cloudinary.com/bjtjg5o2/image/upload/v1789893942/nayara-products/ctwvvonx1ibrebz7rmnw.jpg","https://www.nayarazone.store/shop/f91c3265-ffcd-4af1-8a5a-e334c634231d","in stock","new","Nayarazone","Apparel & Accessories > Clothing > Traditional & Ethnic Apparel","Pink","Dhanak"
"a292f32a-3bb3-4d82-90cc-82668a154fef-purple","a292f32a-3bb3-4d82-90cc-82668a154fef","Royal Dhanak Collection 2-PC  - Purple","Winter Royal Dhanak Embroidered 2-Piece Unstitch A stylish winter 2-piece crafted from soft and premium Dhanak, featuring beautiful embroidery for a refined and elegant look. What’s Included: Fully embroidered front Embroidered back Embroidered sleeves Airjet Dhanak trouser Available in 8 different designs Why Choose It? Made with a soft, fine-quality fabric that offers a premium feel and comfortable winter wear. The detailed embroidery adds an elegant touch, making it perfect for both everyday wear and special occasions.","2550 PKR","2550 PKR","https://res.cloudinary.com/bjtjg5o2/image/upload/v1789850340/nayara-products/edf4cfg8e5ztn1smzn05.jpg","https://www.nayarazone.store/shop/a292f32a-3bb3-4d82-90cc-82668a154fef","in stock","new","Nayarazone","Apparel & Accessories > Clothing > Traditional & Ethnic Apparel","Purple","Dhanak"
"a292f32a-3bb3-4d82-90cc-82668a154fef-mairoon","a292f32a-3bb3-4d82-90cc-82668a154fef","Royal Dhanak Collection 2-PC  - Mairoon","Winter Royal Dhanak Embroidered 2-Piece Unstitch A stylish winter 2-piece crafted from soft and premium Dhanak, featuring beautiful embroidery for a refined and elegant look. What’s Included: Fully embroidered front Embroidered back Embroidered sleeves Airjet Dhanak trouser Available in 8 different designs Why Choose It? Made with a soft, fine-quality fabric that offers a premium feel and comfortable winter wear. The detailed embroidery adds an elegant touch, making it perfect for both everyday wear and special occasions.","2550 PKR","2550 PKR","https://res.cloudinary.com/bjtjg5o2/image/upload/v1789850340/nayara-products/ew3nfmcwwblk2rskx0gw.jpg","https://www.nayarazone.store/shop/a292f32a-3bb3-4d82-90cc-82668a154fef","in stock","new","Nayarazone","Apparel & Accessories > Clothing > Traditional & Ethnic Apparel","Mairoon","Dhanak"
"a292f32a-3bb3-4d82-90cc-82668a154fef-green","a292f32a-3bb3-4d82-90cc-82668a154fef","Royal Dhanak Collection 2-PC  - Green","Winter Royal Dhanak Embroidered 2-Piece Unstitch A stylish winter 2-piece crafted from soft and premium Dhanak, featuring beautiful embroidery for a refined and elegant look. What’s Included: Fully embroidered front Embroidered back Embroidered sleeves Airjet Dhanak trouser Available in 8 different designs Why Choose It? Made with a soft, fine-quality fabric that offers a premium feel and comfortable winter wear. The detailed embroidery adds an elegant touch, making it perfect for both everyday wear and special occasions.","2550 PKR","2550 PKR","https://res.cloudinary.com/bjtjg5o2/image/upload/v1789850340/nayara-products/rwpnzja5xy1gfpmnqtpq.jpg","https://www.nayarazone.store/shop/a292f32a-3bb3-4d82-90cc-82668a154fef","in stock","new","Nayarazone","Apparel & Accessories > Clothing > Traditional & Ethnic Apparel","Green","Dhanak"
"a292f32a-3bb3-4d82-90cc-82668a154fef-navy","a292f32a-3bb3-4d82-90cc-82668a154fef","Royal Dhanak Collection 2-PC  - Navy","Winter Royal Dhanak Embroidered 2-Piece Unstitch A stylish winter 2-piece crafted from soft and premium Dhanak, featuring beautiful embroidery for a refined and elegant look. What’s Included: Fully embroidered front Embroidered back Embroidered sleeves Airjet Dhanak trouser Available in 8 different designs Why Choose It? Made with a soft, fine-quality fabric that offers a premium feel and comfortable winter wear. The detailed embroidery adds an elegant touch, making it perfect for both everyday wear and special occasions.","2550 PKR","2550 PKR","https://res.cloudinary.com/bjtjg5o2/image/upload/v1789850341/nayara-products/vhtvdrnrtpipbgnyzcaa.jpg","https://www.nayarazone.store/shop/a292f32a-3bb3-4d82-90cc-82668a154fef","in stock","new","Nayarazone","Apparel & Accessories > Clothing > Traditional & Ethnic Apparel","Navy","Dhanak"
"a292f32a-3bb3-4d82-90cc-82668a154fef-red","a292f32a-3bb3-4d82-90cc-82668a154fef","Royal Dhanak Collection 2-PC  - Red","Winter Royal Dhanak Embroidered 2-Piece Unstitch A stylish winter 2-piece crafted from soft and premium Dhanak, featuring beautiful embroidery for a refined and elegant look. What’s Included: Fully embroidered front Embroidered back Embroidered sleeves Airjet Dhanak trouser Available in 8 different designs Why Choose It? Made with a soft, fine-quality fabric that offers a premium feel and comfortable winter wear. The detailed embroidery adds an elegant touch, making it perfect for both everyday wear and special occasions.","2550 PKR","2550 PKR","https://res.cloudinary.com/bjtjg5o2/image/upload/v1789850340/nayara-products/gjwzhrodkwxyaxco7whb.jpg","https://www.nayarazone.store/shop/a292f32a-3bb3-4d82-90cc-82668a154fef","in stock","new","Nayarazone","Apparel & Accessories > Clothing > Traditional & Ethnic Apparel","Red","Dhanak"
"a292f32a-3bb3-4d82-90cc-82668a154fef-yellow","a292f32a-3bb3-4d82-90cc-82668a154fef","Royal Dhanak Collection 2-PC  - Yellow","Winter Royal Dhanak Embroidered 2-Piece Unstitch A stylish winter 2-piece crafted from soft and premium Dhanak, featuring beautiful embroidery for a refined and elegant look. What’s Included: Fully embroidered front Embroidered back Embroidered sleeves Airjet Dhanak trouser Available in 8 different designs Why Choose It? Made with a soft, fine-quality fabric that offers a premium feel and comfortable winter wear. The detailed embroidery adds an elegant touch, making it perfect for both everyday wear and special occasions.","2550 PKR","2550 PKR","https://res.cloudinary.com/bjtjg5o2/image/upload/v1789850340/nayara-products/rpsg2qgou4ph8xvewmdy.jpg","https://www.nayarazone.store/shop/a292f32a-3bb3-4d82-90cc-82668a154fef","in stock","new","Nayarazone","Apparel & Accessories > Clothing > Traditional & Ethnic Apparel","Yellow","Dhanak"
"a292f32a-3bb3-4d82-90cc-82668a154fef-blue","a292f32a-3bb3-4d82-90cc-82668a154fef","Royal Dhanak Collection 2-PC  - Blue","Winter Royal Dhanak Embroidered 2-Piece Unstitch A stylish winter 2-piece crafted from soft and premium Dhanak, featuring beautiful embroidery for a refined and elegant look. What’s Included: Fully embroidered front Embroidered back Embroidered sleeves Airjet Dhanak trouser Available in 8 different designs Why Choose It? Made with a soft, fine-quality fabric that offers a premium feel and comfortable winter wear. The detailed embroidery adds an elegant touch, making it perfect for both everyday wear and special occasions.","2550 PKR","2550 PKR","https://res.cloudinary.com/bjtjg5o2/image/upload/v1789850340/nayara-products/xfwbtedyjslpzvlag5ei.jpg","https://www.nayarazone.store/shop/a292f32a-3bb3-4d82-90cc-82668a154fef","in stock","new","Nayarazone","Apparel & Accessories > Clothing > Traditional & Ethnic Apparel","Blue","Dhanak"
"a292f32a-3bb3-4d82-90cc-82668a154fef-black","a292f32a-3bb3-4d82-90cc-82668a154fef","Royal Dhanak Collection 2-PC  - Black","Winter Royal Dhanak Embroidered 2-Piece Unstitch A stylish winter 2-piece crafted from soft and premium Dhanak, featuring beautiful embroidery for a refined and elegant look. What’s Included: Fully embroidered front Embroidered back Embroidered sleeves Airjet Dhanak trouser Available in 8 different designs Why Choose It? Made with a soft, fine-quality fabric that offers a premium feel and comfortable winter wear. The detailed embroidery adds an elegant touch, making it perfect for both everyday wear and special occasions.","2550 PKR","2550 PKR","https://res.cloudinary.com/bjtjg5o2/image/upload/v1789850341/nayara-products/accuqfo5pvitgeyy78mf.jpg","https://www.nayarazone.store/shop/a292f32a-3bb3-4d82-90cc-82668a154fef","in stock","new","Nayarazone","Apparel & Accessories > Clothing > Traditional & Ethnic Apparel","Black","Dhanak"
"07219d72-8818-4e7c-ba10-0ff6b3816763-lavender","07219d72-8818-4e7c-ba10-0ff6b3816763","Linen Harmony Collection 3-Piece Unstitch - Lavender","Linen Harmony Collection – Linen 3-Piece A beautiful linen 3-piece featuring a stylish printed shirt, dyed trouser and matching printed linen dupatta for a graceful everyday look. Details: Shirt: Printed Linen Trouser: Dyed Linen Dupatta: Printed Linen Design: 10 Different Articles Quality: 100% Guaranteed A versatile and comfortable linen ensemble, perfect for adding effortless elegance to your seasonal wardrobe.","3550 PKR","3550 PKR","https://res.cloudinary.com/bjtjg5o2/image/upload/v1789826504/nayara-products/oikbrequsreelhzeej34.jpg","https://www.nayarazone.store/shop/07219d72-8818-4e7c-ba10-0ff6b3816763","in stock","new","Nayarazone","Apparel & Accessories > Clothing > Traditional & Ethnic Apparel","Lavender","Linen"
"07219d72-8818-4e7c-ba10-0ff6b3816763-grey","07219d72-8818-4e7c-ba10-0ff6b3816763","Linen Harmony Collection 3-Piece Unstitch - Grey","Linen Harmony Collection – Linen 3-Piece A beautiful linen 3-piece featuring a stylish printed shirt, dyed trouser and matching printed linen dupatta for a graceful everyday look. Details: Shirt: Printed Linen Trouser: Dyed Linen Dupatta: Printed Linen Design: 10 Different Articles Quality: 100% Guaranteed A versatile and comfortable linen ensemble, perfect for adding effortless elegance to your seasonal wardrobe.","3550 PKR","3550 PKR","https://res.cloudinary.com/bjtjg5o2/image/upload/v1789826504/nayara-products/qt3ucka47vfenoayr9xc.jpg","https://www.nayarazone.store/shop/07219d72-8818-4e7c-ba10-0ff6b3816763","in stock","new","Nayarazone","Apparel & Accessories > Clothing > Traditional & Ethnic Apparel","Grey","Linen"
"07219d72-8818-4e7c-ba10-0ff6b3816763-baby-pink","07219d72-8818-4e7c-ba10-0ff6b3816763","Linen Harmony Collection 3-Piece Unstitch - Baby Pink","Linen Harmony Collection – Linen 3-Piece A beautiful linen 3-piece featuring a stylish printed shirt, dyed trouser and matching printed linen dupatta for a graceful everyday look. Details: Shirt: Printed Linen Trouser: Dyed Linen Dupatta: Printed Linen Design: 10 Different Articles Quality: 100% Guaranteed A versatile and comfortable linen ensemble, perfect for adding effortless elegance to your seasonal wardrobe.","3550 PKR","3550 PKR","https://res.cloudinary.com/bjtjg5o2/image/upload/v1789826504/nayara-products/fbqflgykamgsqjbnwzbr.jpg","https://www.nayarazone.store/shop/07219d72-8818-4e7c-ba10-0ff6b3816763","in stock","new","Nayarazone","Apparel & Accessories > Clothing > Traditional & Ethnic Apparel","Baby Pink","Linen"
"07219d72-8818-4e7c-ba10-0ff6b3816763-peach","07219d72-8818-4e7c-ba10-0ff6b3816763","Linen Harmony Collection 3-Piece Unstitch - Peach","Linen Harmony Collection – Linen 3-Piece A beautiful linen 3-piece featuring a stylish printed shirt, dyed trouser and matching printed linen dupatta for a graceful everyday look. Details: Shirt: Printed Linen Trouser: Dyed Linen Dupatta: Printed Linen Design: 10 Different Articles Quality: 100% Guaranteed A versatile and comfortable linen ensemble, perfect for adding effortless elegance to your seasonal wardrobe.","3550 PKR","3550 PKR","https://res.cloudinary.com/bjtjg5o2/image/upload/v1789826504/nayara-products/yr3tsqrwtts63udn51rl.jpg","https://www.nayarazone.store/shop/07219d72-8818-4e7c-ba10-0ff6b3816763","in stock","new","Nayarazone","Apparel & Accessories > Clothing > Traditional & Ethnic Apparel","Peach","Linen"
"07219d72-8818-4e7c-ba10-0ff6b3816763-off-white","07219d72-8818-4e7c-ba10-0ff6b3816763","Linen Harmony Collection 3-Piece Unstitch - Off White","Linen Harmony Collection – Linen 3-Piece A beautiful linen 3-piece featuring a stylish printed shirt, dyed trouser and matching printed linen dupatta for a graceful everyday look. Details: Shirt: Printed Linen Trouser: Dyed Linen Dupatta: Printed Linen Design: 10 Different Articles Quality: 100% Guaranteed A versatile and comfortable linen ensemble, perfect for adding effortless elegance to your seasonal wardrobe.","3550 PKR","3550 PKR","https://res.cloudinary.com/bjtjg5o2/image/upload/v1789826504/nayara-products/cvsxnmwtltzb9hkwuxx6.jpg","https://www.nayarazone.store/shop/07219d72-8818-4e7c-ba10-0ff6b3816763","in stock","new","Nayarazone","Apparel & Accessories > Clothing > Traditional & Ethnic Apparel","Off White","Linen"
"07219d72-8818-4e7c-ba10-0ff6b3816763-greyish-blue","07219d72-8818-4e7c-ba10-0ff6b3816763","Linen Harmony Collection 3-Piece Unstitch - Greyish Blue","Linen Harmony Collection – Linen 3-Piece A beautiful linen 3-piece featuring a stylish printed shirt, dyed trouser and matching printed linen dupatta for a graceful everyday look. Details: Shirt: Printed Linen Trouser: Dyed Linen Dupatta: Printed Linen Design: 10 Different Articles Quality: 100% Guaranteed A versatile and comfortable linen ensemble, perfect for adding effortless elegance to your seasonal wardrobe.","3550 PKR","3550 PKR","https://res.cloudinary.com/bjtjg5o2/image/upload/v1789826504/nayara-products/r4khbjglmomchaho7wwa.jpg","https://www.nayarazone.store/shop/07219d72-8818-4e7c-ba10-0ff6b3816763","in stock","new","Nayarazone","Apparel & Accessories > Clothing > Traditional & Ethnic Apparel","Greyish Blue","Linen"
"07219d72-8818-4e7c-ba10-0ff6b3816763-beige","07219d72-8818-4e7c-ba10-0ff6b3816763","Linen Harmony Collection 3-Piece Unstitch - Beige","Linen Harmony Collection – Linen 3-Piece A beautiful linen 3-piece featuring a stylish printed shirt, dyed trouser and matching printed linen dupatta for a graceful everyday look. Details: Shirt: Printed Linen Trouser: Dyed Linen Dupatta: Printed Linen Design: 10 Different Articles Quality: 100% Guaranteed A versatile and comfortable linen ensemble, perfect for adding effortless elegance to your seasonal wardrobe.","3550 PKR","3550 PKR","https://res.cloudinary.com/bjtjg5o2/image/upload/v1789826505/nayara-products/dkswepajetfjhui6dfu5.jpg","https://www.nayarazone.store/shop/07219d72-8818-4e7c-ba10-0ff6b3816763","in stock","new","Nayarazone","Apparel & Accessories > Clothing > Traditional & Ethnic Apparel","Beige","Linen"
"07219d72-8818-4e7c-ba10-0ff6b3816763-green","07219d72-8818-4e7c-ba10-0ff6b3816763","Linen Harmony Collection 3-Piece Unstitch - Green","Linen Harmony Collection – Linen 3-Piece A beautiful linen 3-piece featuring a stylish printed shirt, dyed trouser and matching printed linen dupatta for a graceful everyday look. Details: Shirt: Printed Linen Trouser: Dyed Linen Dupatta: Printed Linen Design: 10 Different Articles Quality: 100% Guaranteed A versatile and comfortable linen ensemble, perfect for adding effortless elegance to your seasonal wardrobe.","3550 PKR","3550 PKR","https://res.cloudinary.com/bjtjg5o2/image/upload/v1789826505/nayara-products/hpnknlievuois5e8cgr9.jpg","https://www.nayarazone.store/shop/07219d72-8818-4e7c-ba10-0ff6b3816763","in stock","new","Nayarazone","Apparel & Accessories > Clothing > Traditional & Ethnic Apparel","Green","Linen"
"07219d72-8818-4e7c-ba10-0ff6b3816763-purple","07219d72-8818-4e7c-ba10-0ff6b3816763","Linen Harmony Collection 3-Piece Unstitch - Purple","Linen Harmony Collection – Linen 3-Piece A beautiful linen 3-piece featuring a stylish printed shirt, dyed trouser and matching printed linen dupatta for a graceful everyday look. Details: Shirt: Printed Linen Trouser: Dyed Linen Dupatta: Printed Linen Design: 10 Different Articles Quality: 100% Guaranteed A versatile and comfortable linen ensemble, perfect for adding effortless elegance to your seasonal wardrobe.","3550 PKR","3550 PKR","https://res.cloudinary.com/bjtjg5o2/image/upload/v1789826505/nayara-products/jbvopqbbofz8y3eeqbon.jpg","https://www.nayarazone.store/shop/07219d72-8818-4e7c-ba10-0ff6b3816763","in stock","new","Nayarazone","Apparel & Accessories > Clothing > Traditional & Ethnic Apparel","Purple","Linen"
"b9180388-742d-4b9c-8251-3629ecea5a24","b9180388-742d-4b9c-8251-3629ecea5a24","Jasmine 3-PC Dhanak Embroidered ","Jasmine Dhanak Embroidered 3-Piece A graceful winter ensemble crafted in premium Dhanak, featuring intricate embroidery and elegant detailing for a sophisticated look. Details: Front: Fully Embroidered Neckline: Embroidered Daman: Embroidered Patch Sleeves: Embroidered Back: Plain Trouser: Plain Shawl: Plain Dhanak A timeless winter design combining rich Dhanak texture with refined embroidery, perfect for an effortlessly elegant look. Fabric: Dhanak Includes: Shirt, Trouser & Shawl","4150 PKR","4150 PKR","https://res.cloudinary.com/bjtjg5o2/image/upload/v1789819281/nayara-products/hmx7nlnqiijk46tkkc8i.jpg","https://www.nayarazone.store/shop/b9180388-742d-4b9c-8251-3629ecea5a24","in stock","new","Nayarazone","Apparel & Accessories > Clothing > Traditional & Ethnic Apparel","","Dhanak"
"90c2c76c-322a-4226-a3b0-f8abf7b28fb6","90c2c76c-322a-4226-a3b0-f8abf7b28fb6","Ruby Élan 2-pc Silk Unstitch","✨ Elegance Redefined – A Statement in Silk! Indulge in timeless luxury with this beautifully crafted Embroidered Silk 2-Piece, designed to bring effortless grace and a regal touch to every occasion. ✨ Product Details: Fabric: Premium Pure Shamoze Silk — soft, luxe & beautifully shiny Type: 2-Piece Unstitched Front: Luxury embroidered neckline Back: Plain Sleeves: Heavy embroidered sleeves — 36 inches Trouser: Heavy embroidered motifs Work: Heavy & fine embroidery detailing Perfect for dinners, festive gatherings, Parties, and special occasions, this elegant silk ensemble lets you create your own signature look while adding a sophisticated touch to your wardrobe.","3000 PKR","3000 PKR","https://res.cloudinary.com/bjtjg5o2/image/upload/v1789762904/nayara-products/rpwe3igjanbh0v1jcm3w.jpg","https://www.nayarazone.store/shop/90c2c76c-322a-4226-a3b0-f8abf7b28fb6","in stock","new","Nayarazone","Apparel & Accessories > Clothing > Traditional & Ethnic Apparel","","Silk"
"e9da19ff-e8e4-47d6-b18e-090953a0e382","e9da19ff-e8e4-47d6-b18e-090953a0e382","Eclipse Noir 2-PC Silk ","✨ Elegance Redefined – A Statement in Silk! Indulge in timeless luxury with this beautifully crafted Embroidered Silk 2-Piece, designed to bring effortless grace and a regal touch to every occasion. ✨ Product Details: Fabric: Premium Pure Shamoze Silk — soft, luxe & beautifully shiny Type: 2-Piece Unstitched Front: Luxury embroidered neckline Back: Plain Sleeves: Heavy embroidered sleeves — 36 inches Trouser: Heavy embroidered motifs Work: Heavy & fine embroidery detailing Perfect for dinners, festive gatherings, parties, and special occasions, this elegant silk ensemble lets you create your own signature look while adding a sophisticated touch to your wardrobe.","3000 PKR","3000 PKR","https://res.cloudinary.com/bjtjg5o2/image/upload/v1789762807/nayara-products/gyayhag1l4qlcgw3hdmf.jpg","https://www.nayarazone.store/shop/e9da19ff-e8e4-47d6-b18e-090953a0e382","in stock","new","Nayarazone","Apparel & Accessories > Clothing > Traditional & Ethnic Apparel","","Silk"
"1dbc01f6-27a1-4ba1-a38c-30a98bb164d3","1dbc01f6-27a1-4ba1-a38c-30a98bb164d3","Terra Bloom 3-Pc Linen","Premium Linen 3-Piece Suit Elevate your winter wardrobe with our Premium Linen 3-Piece Suit, crafted from comfortable and refined 72/72 linen fabric. Featuring an elegant all-over print and a digitally printed linen dupatta, this ensemble brings together timeless style and effortless sophistication. Product Details: Fabric: Premium Linen 72/72 Shirt: All-over digitally printed linen Trouser: Plain / All-over printed linen trouser Dupatta: Digital printed linen dupatta Pieces: 3-Piece Unstitched Suit Collection: Linen Collection 2026 Designed for a graceful winter look, this suit combines a soft, comfortable linen feel with sophisticated prints that make it suitable for both everyday wear and elegant occasions. Note: Actual colors may vary slightly due to photography, lighting, and individual screen settings.","3500 PKR","3500 PKR","https://res.cloudinary.com/bjtjg5o2/image/upload/v1789729116/nayara-products/zsmjeqcrkrdll6oe0n8g.jpg","https://www.nayarazone.store/shop/1dbc01f6-27a1-4ba1-a38c-30a98bb164d3","in stock","new","Nayarazone","Apparel & Accessories > Clothing > Traditional & Ethnic Apparel","","Linen"
"b378815f-81e7-4498-8e81-41aed87aa09c","b378815f-81e7-4498-8e81-41aed87aa09c","Blush Aura 3-Pc Linen","Premium Linen 3-Piece Suit Elevate your winter wardrobe with our Premium Linen 3-Piece Suit, crafted from comfortable and refined 72/72 linen fabric. Featuring an elegant all-over print and a digitally printed linen dupatta, this ensemble brings together timeless style and effortless sophistication. Product Details: Fabric: Premium Linen 72/72 Shirt: All-over digitally printed linen Trouser: Plain / All-over printed linen trouser Dupatta: Digital printed linen dupatta Pieces: 3-Piece Unstitched Suit Collection: Linen Collection 2026 Designed for a graceful winter look, this suit combines a soft, comfortable linen feel with sophisticated prints that make it suitable for both everyday wear and elegant occasions. Note: Actual colors may vary slightly due to photography, lighting, and individual screen settings.","3500 PKR","3500 PKR","https://res.cloudinary.com/bjtjg5o2/image/upload/v1789728996/nayara-products/vgzpf6wbrlc7wewjk3sf.jpg","https://www.nayarazone.store/shop/b378815f-81e7-4498-8e81-41aed87aa09c","in stock","new","Nayarazone","Apparel & Accessories > Clothing > Traditional & Ethnic Apparel","","Linen"
"2bf0d112-23e4-4e6c-be03-c972c3143422","2bf0d112-23e4-4e6c-be03-c972c3143422","Midnight Leaf 3-Pc Linen","Premium Linen 3-Piece Suit Elevate your winter wardrobe with our Premium Linen 3-Piece Suit, crafted from comfortable and refined 72/72 linen fabric. Featuring an elegant all-over print and a digitally printed linen dupatta, this ensemble brings together timeless style and effortless sophistication. Product Details: Fabric: Premium Linen 72/72 Shirt: All-over digitally printed linen Trouser: Plain / All-over printed linen trouser Dupatta: Digital printed linen dupatta Pieces: 3-Piece Unstitched Suit Collection: Linen Collection 2026 Designed for a graceful winter look, this suit combines a soft, comfortable linen feel with sophisticated prints that make it suitable for both everyday wear and elegant occasions. Note: Actual colors may vary slightly due to photography, lighting, and individual screen settings.","3500 PKR","3500 PKR","https://res.cloudinary.com/bjtjg5o2/image/upload/v1789728904/nayara-products/kxlgbbffkh75jmjkrlnp.jpg","https://www.nayarazone.store/shop/2bf0d112-23e4-4e6c-be03-c972c3143422","in stock","new","Nayarazone","Apparel & Accessories > Clothing > Traditional & Ethnic Apparel","","Linen"
"f6e8d4fd-ca1d-4b39-a834-d47e49365cf2","f6e8d4fd-ca1d-4b39-a834-d47e49365cf2","Mustard muse 3-Pc Linen","Premium Linen 3-Piece Suit Elevate your winter wardrobe with our Premium Linen 3-Piece Suit, crafted from comfortable and refined 72/72 linen fabric. Featuring an elegant all-over print and a digitally printed linen dupatta, this ensemble brings together timeless style and effortless sophistication. Product Details: Fabric: Premium Linen 72/72 Shirt: All-over digitally printed linen Trouser: Plain / All-over printed linen trouser Dupatta: Digital printed linen dupatta Pieces: 3-Piece Unstitched Suit Collection: Linen Collection 2026 Designed for a graceful winter look, this suit combines a soft, comfortable linen feel with sophisticated prints that make it suitable for both everyday wear and elegant occasions. Note: Actual colours may vary slightly due to photography, lighting, and individual screen settings.","3500 PKR","3500 PKR","https://res.cloudinary.com/bjtjg5o2/image/upload/v1789728814/nayara-products/lrw9mfymsyrp0xxcqglf.jpg","https://www.nayarazone.store/shop/f6e8d4fd-ca1d-4b39-a834-d47e49365cf2","in stock","new","Nayarazone","Apparel & Accessories > Clothing > Traditional & Ethnic Apparel","","Linen"
"51003ccb-d6e6-431c-ae84-c73fdf03c010","51003ccb-d6e6-431c-ae84-c73fdf03c010","Shahi Virsa 3-Pc Embroidered Dhanak","Premium Airjet Dhanak 3 Piece  FRONT Fully Heavy EMBROIDERY Daman Patch  SLEEVES EMBROIDERY  EMBROIDERED DHANAK SHAWL & Pallu patches With 4 Side Lace MICRO VELVET   100% FULL PROCEDURE AIRJET DHANAK  Winter Collection 20027","6000 PKR","6000 PKR","https://res.cloudinary.com/bjtjg5o2/image/upload/v1789645008/nayara-products/gqwuaoonp7mwt6fej3ir.jpg","https://www.nayarazone.store/shop/51003ccb-d6e6-431c-ae84-c73fdf03c010","in stock","new","Nayarazone","Apparel & Accessories > Clothing > Traditional & Ethnic Apparel","","Dhanak"
"d656670c-1f49-495c-9a43-3625cd9ca34d","d656670c-1f49-495c-9a43-3625cd9ca34d","Emerald Royale 3-PC Dhanak Embroidered","Batik — Premium Airjet Dhanak 3-Piece A sophisticated winter ensemble crafted from premium Airjet Dhanak, featuring rich embroidery and an elegant embroidered shawl. Batik combines detailed craftsmanship with the warmth and comfort needed for the winter season. Fabric & Details: 100% Full Procedure Airjet Dhanak Front full heavy embroidery Embroidered sleeves Dyed Airjet Dhanak trouser Embroidered Airjet Dhanak shawl Elegant detailing for a refined winter look Soft, warm and comfortable fabric Collection: Winter Collection 2026–27 Pieces: 3-Piece","4450 PKR","4450 PKR","https://res.cloudinary.com/bjtjg5o2/image/upload/v1789565104/nayara-products/otpgeq2pqtqau9y8cp7g.png","https://www.nayarazone.store/shop/d656670c-1f49-495c-9a43-3625cd9ca34d","in stock","new","Nayarazone","Apparel & Accessories > Clothing > Traditional & Ethnic Apparel","","Dhanak"
"a89dbaf8-82a9-4b9f-8d92-da177fbeeb3a","a89dbaf8-82a9-4b9f-8d92-da177fbeeb3a","Noor-e-Surkh 3-PC Embroiderred Dhanak","Batik — Premium Airjet Dhanak 3-Piece Add timeless elegance to your winter wardrobe with Batik, a beautifully embroidered 3-piece ensemble crafted from premium Airjet Dhanak fabric. The detailed embroidery and matching embroidered Dhanak shawl create a refined and luxurious winter look. Fabric & Details: Premium 100% Airjet Dhanak fabric Front full embroidery Embroidered sleeves Dyed Airjet Dhanak trouser Embroidered Dhanak shawl Elegant embroidery detailing throughout Warm, comfortable and ideal for winter wear Full Airjet Dhanak procedure for a premium finish Collection: Winter Collection 2026–27 Pieces: 3-Piece","4050 PKR","4050 PKR","https://res.cloudinary.com/bjtjg5o2/image/upload/v1789565952/nayara-products/vziyd6cwcpqmicfkyg79.png","https://www.nayarazone.store/shop/a89dbaf8-82a9-4b9f-8d92-da177fbeeb3a","in stock","new","Nayarazone","Apparel & Accessories > Clothing > Traditional & Ethnic Apparel","","Dhanak"
"4066b22e-65ba-4f23-af7d-17603f4b6535","4066b22e-65ba-4f23-af7d-17603f4b6535","Noor-e-Shab 3-PC Embroiderred Dhanak","Batik — Premium Airjet Dhanak 3-Piece Add timeless elegance to your winter wardrobe with Batik, a beautifully embroidered 3-piece ensemble crafted from premium Airjet Dhanak fabric. The detailed embroidery and matching embroidered Dhanak shawl create a refined and luxurious winter look. Fabric & Details: Premium 100% Airjet Dhanak fabric Front full embroidery Embroidered sleeves Dyed Airjet Dhanak trouser Embroidered Dhanak shawl Elegant embroidery detailing throughout Warm, comfortable and ideal for winter wear Full Airjet Dhanak procedure for a premium finish Collection: Winter Collection 2026–27 Pieces: 3-Piece","4050 PKR","4050 PKR","https://res.cloudinary.com/bjtjg5o2/image/upload/v1789556316/nayara-products/qnnksbhawtc00pteftxh.jpg","https://www.nayarazone.store/shop/4066b22e-65ba-4f23-af7d-17603f4b6535","in stock","new","Nayarazone","Apparel & Accessories > Clothing > Traditional & Ethnic Apparel","","Dhanak"
"1cc10045-fe6c-4cac-addd-6af57e65eec2","1cc10045-fe6c-4cac-addd-6af57e65eec2","Jazmin 3-PC Dhanak Embroidery","Jazmin — Premium Airjet Dhanak 3-Piece Elevate your winter wardrobe with Jazmin, a beautifully detailed 3-piece ensemble crafted from premium Airjet Dhanak fabric. Designed with elegant embroidery and a luxurious wool shawl, it combines warmth, comfort, and sophisticated winter style. Fabric & Details: Premium 100% Airjet Dhanak fabric Front full embroidery Embroidered sleeves Dyed Airjet Dhanak trouser Embroidered trouser detailing Digital printed wool shawl Soft and warm winter-appropriate fabric Full Airjet Dhanak procedure for a premium finish Collection: Winter Collection 2026–27 Pieces: 3-Piece","4200 PKR","4200 PKR","https://res.cloudinary.com/bjtjg5o2/image/upload/v1789549415/nayara-products/vq7wfd9ackq43uos59ah.jpg","https://www.nayarazone.store/shop/1cc10045-fe6c-4cac-addd-6af57e65eec2","in stock","new","Nayarazone","Apparel & Accessories > Clothing > Traditional & Ethnic Apparel","","Dhanak"
"da902f1a-709b-4f0f-abb5-2c40655c534c","da902f1a-709b-4f0f-abb5-2c40655c534c","Legacy Azure 3-Piece Viscose","Legacy Collection – 3-Piece Unstitched Suit Elevate your winter wardrobe with this elegant 3-piece unstitched collection, crafted with comfortable and winter-friendly fabrics. The digitally printed Dobby Viscose shirt is paired with a beautifully printed wool shawl and a dyed viscose trouser, creating a graceful and sophisticated look for the season. Package Includes ✔️ Digital Printed Dobby Viscose Shirt – 2.85 Meters ✔️ Digital Printed Wool Shawl – 2.4 Meters ✔️ Dyed Viscose Trouser – 2.4 Meters Product Details Collection: Winter Collection Shirt Fabric: Dobby Viscose Shawl Fabric: Wool Trouser Fabric: Viscose Type: 3-Piece Unstitched Suit Note: Actual product colours may vary slightly due to photographic lighting and individual screen settings.","3600 PKR","3600 PKR","https://res.cloudinary.com/bjtjg5o2/image/upload/v1789371525/nayara-products/jnz1stu5ylhnqccarrea.png","https://www.nayarazone.store/shop/da902f1a-709b-4f0f-abb5-2c40655c534c","in stock","new","Nayarazone","Apparel & Accessories > Clothing > Traditional & Ethnic Apparel","","Viscose"
"8c67b544-406a-481e-9541-5ac5b7ee3743","8c67b544-406a-481e-9541-5ac5b7ee3743","Legacy Blush 3-Piece Viscos","Legacy Collection – 3-Piece Unstitched Suit Elevate your winter wardrobe with this elegant 3-piece unstitched collection, crafted with comfortable and winter-friendly fabrics. The digitally printed Dobby Viscose shirt is paired with a beautifully printed wool shawl and a dyed viscose trouser, creating a graceful and sophisticated look for the season. Package Includes ✔️ Digital Printed Dobby Viscose Shirt – 2.85 Meters ✔️ Digital Printed Wool Shawl – 2.4 Meters ✔️ Dyed Viscose Trouser – 2.4 Meters Product Details Collection: Winter Collection Shirt Fabric: Dobby Viscose Shawl Fabric: Wool Trouser Fabric: Viscose Type: 3-Piece Unstitched Suit Note: Actual product colours may vary slightly due to photographic lighting and individual screen settings.","3600 PKR","3600 PKR","https://res.cloudinary.com/bjtjg5o2/image/upload/v1789371283/nayara-products/vtcpufcbb5gpidktfm1b.png","https://www.nayarazone.store/shop/8c67b544-406a-481e-9541-5ac5b7ee3743","in stock","new","Nayarazone","Apparel & Accessories > Clothing > Traditional & Ethnic Apparel","","Viscose"
"43b9774c-4aea-45ac-bfdb-b3fe14081197","43b9774c-4aea-45ac-bfdb-b3fe14081197","Legacy Ruby 3-Piece Viscose","Legacy Collection – 3-Piece Unstitched Suit Elevate your winter wardrobe with this elegant 3-piece unstitched collection, crafted with comfortable and winter-friendly fabrics. The digitally printed Dobby Viscose shirt is paired with a beautifully printed wool shawl and a dyed viscose trouser, creating a graceful and sophisticated look for the season. Package Includes ✔️ Digital Printed Dobby Viscose Shirt – 2.85 Meters ✔️ Digital Printed Wool Shawl – 2.4 Meters ✔️ Dyed Viscose Trouser – 2.4 Meters Product Details Collection: Winter Collection Shirt Fabric: Dobby Viscose Shawl Fabric: Wool Trouser Fabric: Viscose Type: 3-Piece Unstitched Suit Note: Actual product colours may vary slightly due to photographic lighting and individual screen settings.","3600 PKR","3600 PKR","https://res.cloudinary.com/bjtjg5o2/image/upload/v1789371064/nayara-products/enfvmlwelgfuxlg8nicz.png","https://www.nayarazone.store/shop/43b9774c-4aea-45ac-bfdb-b3fe14081197","in stock","new","Nayarazone","Apparel & Accessories > Clothing > Traditional & Ethnic Apparel","","Viscose"
"6f9b8c7f-d055-48d5-89f5-0eaa4d625ed4","6f9b8c7f-d055-48d5-89f5-0eaa4d625ed4","Marigold Eclipse 3-PC Linen ","Discover timeless elegance with our 2026 Linen Collection, crafted for women who appreciate refined prints, premium fabric, and effortless style. Fabric: Premium Linen 72/72 Collection: Linen 3-Piece 2026 Set Includes: All-Over Digital Printed Linen Shirt Plain Linen Trouser Digital Printed Linen Dupatta Featuring an elegant all-over print paired with a sophisticated plain trouser and beautifully detailed digital printed dupatta, Noir Elysia brings together classic charm and modern luxury. ✨ Premium Fabric | Elegant Prints | Perfect Winter Wear Note: Actual colours may vary slightly due to photography, lighting, and screen settings.","3500 PKR","3500 PKR","https://res.cloudinary.com/bjtjg5o2/image/upload/v1789320246/nayara-products/z5xw3r8inbvnkrcbhwie.jpg","https://www.nayarazone.store/shop/6f9b8c7f-d055-48d5-89f5-0eaa4d625ed4","in stock","new","Nayarazone","Apparel & Accessories > Clothing > Traditional & Ethnic Apparel","","Linen"
"9ebb9405-66b2-4058-9c13-8994944df1d9","9ebb9405-66b2-4058-9c13-8994944df1d9","Blue Serenity 3-PC Dhanak Embroidered ","Blue Serenity — Dhanak 3-Piece Winter Suit Experience winter elegance with Blue Serenity, a beautifully detailed 3-piece ensemble crafted from best-quality Dhanak. The suit features a heavily embroidered front and embroidered sleeves, paired with a luxurious digital printed wool shawl and a dyed plain Dhanak trouser. Product Details Collection: Winter Collection 2026 Fabric: Premium Dhanak Shirt: Front Heavy Embroidery Sleeves: Embroidered Shawl: Digital Printed Wool Shawl Trouser: Dyed Plain Dhanak Type: Unstitched 3-Piece What's Included ✔ Heavy Embroidered Dhanak Shirt ✔ Embroidered Sleeves ✔ Digital Printed Wool Shawl ✔ Dyed Plain Dhanak Trouser A perfect blend of warmth, intricate embroidery, and effortless winter elegance — by Nayara.","3850 PKR","3850 PKR","https://res.cloudinary.com/bjtjg5o2/image/upload/v1789319744/nayara-products/jjuwet0uuplc0u8nbhyl.jpg","https://www.nayarazone.store/shop/9ebb9405-66b2-4058-9c13-8994944df1d9","in stock","new","Nayarazone","Apparel & Accessories > Clothing > Traditional & Ethnic Apparel","","Dhanak"
"fbb8f08d-7ea1-432e-9614-c60186230e5a","fbb8f08d-7ea1-432e-9614-c60186230e5a","Sage Serenity 3-PC Dhanak","Sage Serenity — Dhanak 3-Piece Winter Collection A beautifully crafted winter ensemble made from premium-quality Dhanak, featuring a heavily embroidered front paired with elegant embroidered sleeves. The digital printed wool shawl adds warmth and a sophisticated finishing touch, while the dyed plain trouser keeps the look balanced and refined. Product Details Collection: Winter Collection 2026 Fabric: Premium Dhanak Category: Unstitched 3-Piece Suit Shirt: Front Heavy Embroidery Sleeves: Embroidered Shawl: Digital Printed Wool Shawl Trouser: Dyed Plain Dhanak Season: Winter 2026 What's Included ✔ Heavy Embroidered Dhanak Shirt ✔ Embroidered Sleeves ✔ Digital Printed Wool Shawl ✔ Dyed Plain Dhanak Trouser A perfect blend of warmth, intricate embroidery, and effortless winter elegance — by Nayara.","3850 PKR","3850 PKR","https://res.cloudinary.com/bjtjg5o2/image/upload/v1789319486/nayara-products/izyfkw5xdqkn8c0j1dpn.jpg","https://www.nayarazone.store/shop/fbb8f08d-7ea1-432e-9614-c60186230e5a","in stock","new","Nayarazone","Apparel & Accessories > Clothing > Traditional & Ethnic Apparel","","Dhanak"
"ee1ab1c1-af4a-4b96-a412-95dca220d43e","ee1ab1c1-af4a-4b96-a412-95dca220d43e","Blush Noir 3-PC Dhanak Embroidered","Blush Noir — Dhanak 3-Piece A luxurious winter ensemble featuring premium Dhanak fabric, heavy Chickenkari embroidery, and elegant pink floral detailing on a deep black base. The embroidered wool shawl adds warmth and a sophisticated finishing touch. Product Details Fabric: Premium Dhanak Shirt: Heavy Chickenkari embroidered with Daman patch Sleeves: XXL embroidered Shawl: Embroidered Dhanak wool shawl Trouser: Dyed plain Dhanak with embroidered patch Type: Unstitched 3-Piece Season: Winter 2026 What's Included ✔ Embroidered Dhanak Shirt ✔ Daman & Sleeve Patches ✔ Embroidered Wool Shawl ✔ Dyed Dhanak Trouser ✔ Trouser Patch Elegant, warm, and made for a statement winter look — by Nayara.","4500 PKR","4500 PKR","https://res.cloudinary.com/bjtjg5o2/image/upload/v1789319163/nayara-products/lygpneohaq7nt19fcmcz.jpg","https://www.nayarazone.store/shop/ee1ab1c1-af4a-4b96-a412-95dca220d43e","in stock","new","Nayarazone","Apparel & Accessories > Clothing > Traditional & Ethnic Apparel","","Dhanak"
"6e6be5fe-2b75-416b-af69-429ed415980c","6e6be5fe-2b75-416b-af69-429ed415980c","Noir Whisper 3-PC Dhanak","Embrace the warmth and elegance of winter with this beautifully designed Dhanak 3-Piece Ensemble, crafted for a sophisticated and graceful seasonal look. Product Details Collection: Winter Collection 2026 Category: 3-Piece Unstitched Winter Suit Fabric: Premium Dhanak Shirt: All-Over Printed Dhanak Trouser: Dyed Dupatta: Digital Printed Dhanak Season: Winter 2026 Pieces: 3-Piece Type: Unstitched Fabric Measurements Shirt: 2.5 Meters Trouser: 2.5 Meters Dupatta: 2.5 Meters What's Included ✔ 2.5m All-Over Printed Dhanak Shirt ✔ 2.5m Dyed Trouser ✔ 2.5m Digital Printed Dhanak Dupatta Perfect for everyday winter wear, casual gatherings, family occasions, and seasonal outings. A perfect blend of warmth, comfort, and timeless winter elegance, beautifully curated by Nayara.","3250 PKR","3250 PKR","https://res.cloudinary.com/bjtjg5o2/image/upload/v1789292800/nayara-products/eyos28o8bdxa8l1uwlzi.png","https://www.nayarazone.store/shop/6e6be5fe-2b75-416b-af69-429ed415980c","in stock","new","Nayarazone","Apparel & Accessories > Clothing > Traditional & Ethnic Apparel","","Dhanak"
"800726c1-23b8-44f0-80c1-3c18d3681825","800726c1-23b8-44f0-80c1-3c18d3681825","Azure Petal 3-PC Dhanak ","Embrace the warmth and elegance of winter with this beautifully designed Dhanak 3-Piece Ensemble, crafted for a sophisticated and graceful seasonal look. Product Details Collection: Winter Collection 2026 Category: 3-Piece Unstitched Winter Suit Fabric: Premium Dhanak Shirt: All-Over Printed Dhanak Trouser: Dyed Dupatta: Digital Printed Dhanak Season: Winter 2026 Pieces: 3-Piece Type: Unstitched Fabric Measurements Shirt: 2.5 Meters Trouser: 2.5 Meters Dupatta: 2.5 Meters What's Included ✔ 2.5m All-Over Printed Dhanak Shirt ✔ 2.5m Dyed Trouser ✔ 2.5m Digital Printed Dhanak Dupatta Perfect for everyday winter wear, casual gatherings, family occasions, and seasonal outings. A perfect blend of warmth, comfort, and timeless winter elegance, beautifully curated by Nayara.","3350 PKR","3350 PKR","https://res.cloudinary.com/bjtjg5o2/image/upload/v1789292585/nayara-products/w4thrbuvyqwurzmmumhz.png","https://www.nayarazone.store/shop/800726c1-23b8-44f0-80c1-3c18d3681825","in stock","new","Nayarazone","Apparel & Accessories > Clothing > Traditional & Ethnic Apparel","","Dhanak"
"7d04bc63-8069-41e6-9f27-227563a2396e","7d04bc63-8069-41e6-9f27-227563a2396e","Scarlet Night 3-PC Dhanak ","Embrace the warmth and elegance of winter with this beautifully designed Dhanak 3-Piece Ensemble, crafted for a sophisticated and graceful seasonal look. Product Details Collection: Winter Collection 2026 Category: 3-Piece Unstitched Winter Suit Fabric: Premium Dhanak Shirt: All-Over Printed Dhanak Trouser: Dyed Dupatta: Digital Printed Dhanak Season: Winter 2026 Pieces: 3-Piece Type: Unstitched Fabric Measurements Shirt: 2.5 Meters Trouser: 2.5 Meters Dupatta: 2.5 Meters What's Included ✔ 2.5m All-Over Printed Dhanak Shirt ✔ 2.5m Dyed Trouser ✔ 2.5m Digital Printed Dhanak Dupatta Perfect for everyday winter wear, casual gatherings, family occasions, and seasonal outings. A perfect blend of warmth, comfort, and timeless winter elegance, beautifully curated by Nayara.","3500 PKR","3500 PKR","https://res.cloudinary.com/bjtjg5o2/image/upload/v1789216464/nayara-products/whhl4jvb5b1ojpxoxsel.jpg","https://www.nayarazone.store/shop/7d04bc63-8069-41e6-9f27-227563a2396e","in stock","new","Nayarazone","Apparel & Accessories > Clothing > Traditional & Ethnic Apparel","","Dhanak"
"6ec55704-b95d-4602-9da6-851a29b8c308","6ec55704-b95d-4602-9da6-851a29b8c308","Saffron Garden 3-PC Dhanak ","Embrace the warmth and elegance of winter with this beautifully designed Dhanak 3-Piece Ensemble, crafted for a sophisticated and graceful seasonal look. Product Details Collection: Winter Collection 2026 Category: 3-Piece Unstitched Winter Suit Fabric: Premium Dhanak Shirt: All-Over Printed Dhanak Trouser: Dyed Dupatta: Digital Printed Dhanak Season: Winter 2026 Pieces: 3-Piece Type: Unstitched Fabric Measurements Shirt: 2.5 Meters Trouser: 2.5 Meters Dupatta: 2.5 Meters What's Included ✔ 2.5m All-Over Printed Dhanak Shirt ✔ 2.5m Dyed Trouser ✔ 2.5m Digital Printed Dhanak Dupatta Perfect for everyday winter wear, casual gatherings, family occasions, and seasonal outings. A perfect blend of warmth, comfort, and timeless winter elegance, beautifully curated by Nayara.","3500 PKR","3500 PKR","https://res.cloudinary.com/bjtjg5o2/image/upload/v1789216404/nayara-products/rjapo38kfebzfhou6gv6.jpg","https://www.nayarazone.store/shop/6ec55704-b95d-4602-9da6-851a29b8c308","in stock","new","Nayarazone","Apparel & Accessories > Clothing > Traditional & Ethnic Apparel","","Dhanak"
"51ffda63-ae0a-4503-bcee-8315212c77ca","51ffda63-ae0a-4503-bcee-8315212c77ca","Rosette Vine 3-PC Dhanak ","Embrace the warmth and elegance of winter with this beautifully designed Dhanak 3-Piece Ensemble, crafted for a sophisticated and graceful seasonal look. Product Details Collection: Winter Collection 2026 Category: 3-Piece Unstitched Winter Suit Fabric: Premium Dhanak Shirt: All-Over Printed Dhanak Trouser: Dyed Dupatta: Digital Printed Dhanak Season: Winter 2026 Pieces: 3-Piece Type: Unstitched Fabric Measurements Shirt: 2.5 Meters Trouser: 2.5 Meters Dupatta: 2.5 Meters What's Included ✔ 2.5m All-Over Printed Dhanak Shirt ✔ 2.5m Dyed Trouser ✔ 2.5m Digital Printed Dhanak Dupatta Perfect for everyday winter wear, casual gatherings, family occasions, and seasonal outings. A perfect blend of warmth, comfort, and timeless winter elegance, beautifully curated by Nayara.","3350 PKR","3350 PKR","https://res.cloudinary.com/bjtjg5o2/image/upload/v1789216280/nayara-products/lfh5ortsicvrij267eqb.jpg","https://www.nayarazone.store/shop/51ffda63-ae0a-4503-bcee-8315212c77ca","in stock","new","Nayarazone","Apparel & Accessories > Clothing > Traditional & Ethnic Apparel","","Dhanak"
"09e2e4d5-6c43-4832-9c0d-da01a80a2a87","09e2e4d5-6c43-4832-9c0d-da01a80a2a87","Amethyst  2-Piece Embroidery Dhank "," Elevate your winter wardrobe with this beautifully embroidered 2-piece Airjet Dhanak suit, crafted from premium-quality fabric for a luxurious look and comfortable winter wear. The design features full embroidery throughout the front, back, and sleeves, creating a rich and sophisticated appearance that is perfect for both everyday elegance and special occasions. Fabric: Premium Airjet Dhanak Quality:100% Full Procedure Collection: Winter 2026–27 Set: 2 Piece Package Includes: * Fully embroidered front * Fully embroidered back * Fully embroidered sleeves A timeless winter essential combining detailed embroidery, premium fabric, and elegant seasonal style. ","2850 PKR","2850 PKR","https://res.cloudinary.com/bjtjg5o2/image/upload/v1789209344/nayara-products/jrnrdenu1hkurcpnhvzn.jpg","https://www.nayarazone.store/shop/09e2e4d5-6c43-4832-9c0d-da01a80a2a87","in stock","new","Nayarazone","Apparel & Accessories > Clothing > Traditional & Ethnic Apparel","","Dhanak"
"d5468b51-f9d7-423c-a9af-db2c533b5194","d5468b51-f9d7-423c-a9af-db2c533b5194","Ruby Bloom 2-Piece Dhanak Embroidery"," Elevate your winter wardrobe with this beautifully embroidered 2-piece Airjet Dhanak suit, crafted from premium-quality fabric for a luxurious look and comfortable winter wear. The design features full embroidery throughout the front, back, and sleeves, creating a rich and sophisticated appearance that is perfect for both everyday elegance and special occasions. Fabric: Premium Airjet Dhanak Quality:100% Full Procedure Collection: Winter 2026–27 Set: 2 Piece Package Includes: * Fully embroidered front * Fully embroidered back * Fully embroidered sleeves A timeless winter essential combining detailed embroidery, premium fabric, and elegant seasonal style. ","2850 PKR","2850 PKR","https://res.cloudinary.com/bjtjg5o2/image/upload/v1789209246/nayara-products/bzeebc2qey0gv3aansfl.jpg","https://www.nayarazone.store/shop/d5468b51-f9d7-423c-a9af-db2c533b5194","in stock","new","Nayarazone","Apparel & Accessories > Clothing > Traditional & Ethnic Apparel","","Dhanak"
"ebbeacdc-cb88-4682-bfca-45c2cc674854","ebbeacdc-cb88-4682-bfca-45c2cc674854","Golden Aura 2-Piece Dhanak Embroidery"," Elevate your winter wardrobe with this beautifully embroidered 2-piece Airjet Dhanak suit, crafted from premium-quality fabric for a luxurious look and comfortable winter wear. The design features full embroidery throughout the front, back, and sleeves, creating a rich and sophisticated appearance that is perfect for both everyday elegance and special occasions. Fabric: Premium Airjet Dhanak Quality:100% Full Procedure Collection: Winter 2026–27 Set: 2 Piece Package Includes: * Fully embroidered front * Fully embroidered back * Fully embroidered sleeves A timeless winter essential combining detailed embroidery, premium fabric, and elegant seasonal style. ","2850 PKR","2850 PKR","https://res.cloudinary.com/bjtjg5o2/image/upload/v1789208820/nayara-products/agpoyi9o9bnnrz0hsnup.jpg","https://www.nayarazone.store/shop/ebbeacdc-cb88-4682-bfca-45c2cc674854","in stock","new","Nayarazone","Apparel & Accessories > Clothing > Traditional & Ethnic Apparel","","Dhanak"
"a5ae6906-8503-43b3-9f63-c3fce1af4012","a5ae6906-8503-43b3-9f63-c3fce1af4012","Sapphire Grace 2-Piece Dhanak Embroidery"," Elevate your winter wardrobe with this beautifully embroidered 2-piece Airjet Dhanak suit, crafted from premium-quality fabric for a luxurious look and comfortable winter wear. The design features full embroidery throughout the front, back, and sleeves, creating a rich and sophisticated appearance that is perfect for both everyday elegance and special occasions. Fabric: Premium Airjet Dhanak Quality:100% Full Procedure Collection: Winter 2026–27 Set: 2 Piece Package Includes: * Fully embroidered front * Fully embroidered back * Fully embroidered sleeves A timeless winter essential combining detailed embroidery, premium fabric, and elegant seasonal style. ","2850 PKR","2850 PKR","https://res.cloudinary.com/bjtjg5o2/image/upload/v1789208493/nayara-products/p4ylzy7g73qkangw490j.jpg","https://www.nayarazone.store/shop/a5ae6906-8503-43b3-9f63-c3fce1af4012","in stock","new","Nayarazone","Apparel & Accessories > Clothing > Traditional & Ethnic Apparel","","Dhanak"
"bc093870-0449-4e34-ac57-76983713678b","bc093870-0449-4e34-ac57-76983713678b","Green Heritage ","Plain Airjet dyed shirt 2.5 meter Plain Airjet dyed trouser 2.5 meter Dhanak full fancy wool shawl","3150 PKR","3150 PKR","https://res.cloudinary.com/bjtjg5o2/image/upload/v1788968923/nayara-products/xwqgtpwjbbcmqlcc4rjg.jpg","https://www.nayarazone.store/shop/bc093870-0449-4e34-ac57-76983713678b","in stock","new","Nayarazone","Apparel & Accessories > Clothing > Traditional & Ethnic Apparel","","Dhanak"
"2164cef8-ee15-470f-8e23-e40e5730cdb8","2164cef8-ee15-470f-8e23-e40e5730cdb8","Sapphire Heritage ","Plain Airjet dyed shirt 2.5 meter Plain Airjet dyed trouser 2.5 meter Dhanak full fancy wool shawl","3150 PKR","3150 PKR","https://res.cloudinary.com/bjtjg5o2/image/upload/v1788968837/nayara-products/xa8zp7rtkyiimxbpxcuv.jpg","https://www.nayarazone.store/shop/2164cef8-ee15-470f-8e23-e40e5730cdb8","in stock","new","Nayarazone","Apparel & Accessories > Clothing > Traditional & Ethnic Apparel","","Dhanak"
"7552fea4-d658-4161-8859-a8394a9492b7","7552fea4-d658-4161-8859-a8394a9492b7","Maroon Heritage","Plain Airjet dyed shirt 2.5 meter Plain Airjet dyed trouser 2.5 meter Dhanak full fancy wool shawl","3150 PKR","3150 PKR","https://res.cloudinary.com/bjtjg5o2/image/upload/v1788968640/nayara-products/newzf2ra13gw3ht8erq7.jpg","https://www.nayarazone.store/shop/7552fea4-d658-4161-8859-a8394a9492b7","in stock","new","Nayarazone","Apparel & Accessories > Clothing > Traditional & Ethnic Apparel","","Dhanak"
"6b3b9cad-e458-451a-bec7-92542c579d27","6b3b9cad-e458-451a-bec7-92542c579d27","Black heritage ","Plain Airjet dyed shirt 2.5 meter Plain Airjet dyed trouser 2.5 meter Dhanak full fancy wool shawl","3150 PKR","3150 PKR","https://res.cloudinary.com/bjtjg5o2/image/upload/v1788968458/nayara-products/eddyyqhpadz92xr3g9lx.jpg","https://www.nayarazone.store/shop/6b3b9cad-e458-451a-bec7-92542c579d27","in stock","new","Nayarazone","Apparel & Accessories > Clothing > Traditional & Ethnic Apparel","","Dhanak"
"6ffbac31-c5ce-4149-b7f3-47a1df386c71","6ffbac31-c5ce-4149-b7f3-47a1df386c71","Zarmina 3-PC Viscose","The Essence of Winter Luxury Discover the perfect blend of luxury, comfort, and sophisticated winter style with our premium Dobby Viscose 3-piece collection. Designed with elegant digital prints and a warm wool shawl, this ensemble brings a refined and graceful touch to your winter wardrobe. ✨ Fabric & Details Shirt: Digital Printed Dobby Viscose Dupatta: Digital Printed Wool Shawl Trouser: Dyed Viscose 📏 Measurements Shirt: 2.85 Meters Dupatta: 2.4 Meters Trouser: 2.4 Meters 💎 Premium Features • Premium-quality Dobby Viscose fabric • Beautiful digital printed shirt • Luxurious digital printed wool shawl • Comfortable dyed viscose trouser • Elegant winter-ready color combinations and prints • Soft, graceful, and comfortable for all-day wear • Perfect for winter gatherings, casual outings, festive occasions, and everyday elegance A sophisticated winter essential created for women who love effortless elegance, premium fabrics, and timeless style. Important Note: Due to differences in camera lighting, photography conditions, screen brightness, and display settings, there may be slight variations in the actual color and appearance of the product. These minor differences are normal and do not affect the quality, fabric, or design of the article.","3650 PKR","3650 PKR","https://res.cloudinary.com/bjtjg5o2/image/upload/v1788687293/nayara-products/aia2l8jim3qo2o5ojwg9.jpg","https://www.nayarazone.store/shop/6ffbac31-c5ce-4149-b7f3-47a1df386c71","out of stock","new","Nayarazone","Apparel & Accessories > Clothing > Traditional & Ethnic Apparel","","Viscose"
"bcff02ff-71dc-43d3-8d0d-eb2e077f94c0","bcff02ff-71dc-43d3-8d0d-eb2e077f94c0","Gulnaar 3-PC Viscos","Embrace Winter with Timeless Elegance Discover the perfect blend of luxury, comfort, and sophisticated winter style with our premium Dobby Viscose 3-piece collection. Designed with elegant digital prints and a warm wool shawl, this ensemble brings a refined and graceful touch to your winter wardrobe. ✨ Fabric & Details Shirt: Digital Printed Dobby Viscose Dupatta: Digital Printed Wool Shawl Trouser: Dyed Viscose 📏 Measurements Shirt: 2.85 Meters Dupatta: 2.4 Meters Trouser: 2.4 Meters 💎 Premium Features • Premium-quality Dobby Viscose fabric • Beautiful digital printed shirt • Luxurious digital printed wool shawl • Comfortable dyed viscose trouser • Elegant winter-ready color combinations and prints • Soft, graceful, and comfortable for all-day wear • Perfect for winter gatherings, casual outings, festive occasions, and everyday elegance A sophisticated winter essential created for women who love effortless elegance, premium fabrics, and timeless style. Important Note: Due to differences in camera lighting, photography conditions, screen brightness, and display settings, there may be slight variations in the actual color and appearance of the product. These minor differences are normal and do not affect the quality, fabric, or design of the article.","3650 PKR","3650 PKR","https://res.cloudinary.com/bjtjg5o2/image/upload/v1788687093/nayara-products/ldwlhytvn4z6auovr7h4.jpg","https://www.nayarazone.store/shop/bcff02ff-71dc-43d3-8d0d-eb2e077f94c0","in stock","new","Nayarazone","Apparel & Accessories > Clothing > Traditional & Ethnic Apparel","","Viscose"
"0429a3ff-6cc5-4548-8169-3b8659ae7444","0429a3ff-6cc5-4548-8169-3b8659ae7444","Noor-e-Neel 3-PC Viscos","Embrace Winter with Timeless Elegance Discover the perfect blend of luxury, comfort, and sophisticated winter style with our premium Dobby Viscose 3-piece collection. Designed with elegant digital prints and a warm wool shawl, this ensemble brings a refined and graceful touch to your winter wardrobe. ✨ Fabric & Details Shirt: Digital Printed Dobby Viscose Dupatta: Digital Printed Wool Shawl Trouser: Dyed Viscose 📏 Measurements Shirt: 2.85 Meters Dupatta: 2.4 Meters Trouser: 2.4 Meters 💎 Premium Features • Premium-quality Dobby Viscose fabric • Beautiful digital printed shirt • Luxurious digital printed wool shawl • Comfortable dyed viscose trouser • Elegant winter-ready color combinations and prints • Soft, graceful, and comfortable for all-day wear • Perfect for winter gatherings, casual outings, festive occasions, and everyday elegance A sophisticated winter essential created for women who love effortless elegance, premium fabrics, and timeless style. Important Note: Due to differences in camera lighting, photography conditions, screen brightness, and display settings, there may be slight variations in the actual color and appearance of the product. These minor differences are normal and do not affect the quality, fabric, or design of the article.","3650 PKR","3650 PKR","https://res.cloudinary.com/bjtjg5o2/image/upload/v1788687021/nayara-products/rtjxw0arws9xw1vtcods.jpg","https://www.nayarazone.store/shop/0429a3ff-6cc5-4548-8169-3b8659ae7444","out of stock","new","Nayarazone","Apparel & Accessories > Clothing > Traditional & Ethnic Apparel","","Viscose"
"44dfbdca-ef56-4d78-ade3-b0caa9a61471","44dfbdca-ef56-4d78-ade3-b0caa9a61471","Sunehri Gul 3-PC Viscos","Embrace Winter with Timeless Elegance Discover the perfect blend of luxury, comfort, and sophisticated winter style with our premium Dobby Viscose 3-piece collection. Designed with elegant digital prints and a warm wool shawl, this ensemble brings a refined and graceful touch to your winter wardrobe. ✨ Fabric & Details Shirt: Digital Printed Dobby Viscose Dupatta: Digital Printed Wool Shawl Trouser: Dyed Viscose 📏 Measurements Shirt: 2.85 Meters Dupatta: 2.4 Meters Trouser: 2.4 Meters 💎 Premium Features • Premium-quality Dobby Viscose fabric • Beautiful digital printed shirt • Luxurious digital printed wool shawl • Comfortable dyed viscose trouser • Elegant winter-ready color combinations and prints • Soft, graceful, and comfortable for all-day wear • Perfect for winter gatherings, casual outings, festive occasions, and everyday elegance A sophisticated winter essential created for women who love effortless elegance, premium fabrics, and timeless style. Important Note: Due to differences in camera lighting, photography conditions, screen brightness, and display settings, there may be slight variations in the actual color and appearance of the product. These minor differences are normal and do not affect the quality, fabric, or design of the article.","3650 PKR","3650 PKR","https://res.cloudinary.com/bjtjg5o2/image/upload/v1788686829/nayara-products/oqtjtsmqoo1vfcasepon.jpg","https://www.nayarazone.store/shop/44dfbdca-ef56-4d78-ade3-b0caa9a61471","in stock","new","Nayarazone","Apparel & Accessories > Clothing > Traditional & Ethnic Apparel","","Viscose"
"5b381c1d-6cbf-443f-bace-1ed54cb03427","5b381c1d-6cbf-443f-bace-1ed54cb03427","Gul e Laila 3-pc Viscose Collection","Embrace Winter with Timeless Elegance Discover the perfect blend of luxury, comfort, and sophisticated winter style with our premium Dobby Viscose 3-piece collection. Designed with elegant digital prints and a warm wool shawl, this ensemble brings a refined and graceful touch to your winter wardrobe. ✨ Fabric & Details Shirt: Digital Printed Dobby Viscose Dupatta: Digital Printed Wool Shawl Trouser: Dyed Viscose 📏 Measurements Shirt: 2.85 Meters Dupatta: 2.4 Meters Trouser: 2.4 Meters 💎 Premium Features • Premium-quality Dobby Viscose fabric • Beautiful digital printed shirt • Luxurious digital printed wool shawl • Comfortable dyed viscose trouser • Elegant winter-ready color combinations and prints • Soft, graceful, and comfortable for all-day wear • Perfect for winter gatherings, casual outings, festive occasions, and everyday elegance A sophisticated winter essential created for women who love effortless elegance, premium fabrics, and timeless style. Important Note: Due to differences in camera lighting, photography conditions, screen brightness, and display settings, there may be slight variations in the actual color and appearance of the product. These minor differences are normal and do not affect the quality, fabric, or design of the article.","3650 PKR","3650 PKR","https://res.cloudinary.com/bjtjg5o2/image/upload/v1788686660/nayara-products/ak1y2egwdmtgai9ixfuf.jpg","https://www.nayarazone.store/shop/5b381c1d-6cbf-443f-bace-1ed54cb03427","in stock","new","Nayarazone","Apparel & Accessories > Clothing > Traditional & Ethnic Apparel","","Viscose"
"037ad2d4-745c-4199-8743-d2c605504dd9","037ad2d4-745c-4199-8743-d2c605504dd9","Cocoa Royale 3-PC Dhanak ","🌸 3PC UNSTITCHED EMBROIDERED SUIT Wrap yourself in winter elegance with this beautifully crafted Dhank 3-piece ensemble, featuring intricate heavy embroidery and a luxurious embroidered dupatta. Designed for a graceful and sophisticated winter look. 🧵 FABRIC & DETAILS ✔️ Shirt: Premium Quality Dhank ✔️ Front: Full Heavy Embroidery ✔️ Sleeves: Heavy Embroidery ✔️ Daman: Heavy Embroidery ✔️ Dupatta: Heavily Embroidered Dhank Dupatta ✔️ Trouser: Dyed Dhank ✔️ Packaging: Includes Catalog & Bag 🛍️ 💎 QUALITY GUARANTEE ✅ Best Quality Dhank ✅ Full Procedure Guaranteed ✅ After-Wash Guaranteed ✅ Same as Original Quality","4500 PKR","4500 PKR","https://res.cloudinary.com/bjtjg5o2/image/upload/v1788535080/nayara-products/ywkq69lgqtfvwpv5fsg3.png","https://www.nayarazone.store/shop/037ad2d4-745c-4199-8743-d2c605504dd9","in stock","new","Nayarazone","Apparel & Accessories > Clothing > Traditional & Ethnic Apparel","","Dhanak"
"db5c6d35-ef46-49bb-8d1f-5d934ccc28cf","db5c6d35-ef46-49bb-8d1f-5d934ccc28cf","Midnight Flora 3-pc Dhanak unstitch","3PC Unstitched Embroidered Suit Experience premium winter elegance with this beautifully detailed 3-piece suit, crafted from best-quality pure Airjet Dhank. Featuring heavy thread embroidery throughout the shirt, an embroidered ready-to-wear Dhank dupatta, and an embroidered trouser for a complete sophisticated look. Fabric & Details Shirt: Pure Airjet Dhank Front: Full Heavy Thread Embroidery Sleeves: Heavy Embroidery Back: Plain Dhank Dupatta: Embroidered Dhank Ready-to-Wear Dupatta Trouser: Embroidered Dhank Quality Assurance ✔️ Best Quality Pure Airjet Dhank ✔️ After-Wash Guaranteed ✔️ Same as Original Quality","4000 PKR","4000 PKR","https://res.cloudinary.com/bjtjg5o2/image/upload/v1788534288/nayara-products/klcszvnqbqbzlyyeehmu.jpg","https://www.nayarazone.store/shop/db5c6d35-ef46-49bb-8d1f-5d934ccc28cf","in stock","new","Nayarazone","Apparel & Accessories > Clothing > Traditional & Ethnic Apparel","","Dhanak"
"bfcf9034-ca7f-4195-9735-b0f411432cd5","bfcf9034-ca7f-4195-9735-b0f411432cd5","Amber Glow 3-PC Khaddar","Elevate your winter wardrobe with Rust Royale, a beautifully crafted 3-piece Khaddar ensemble designed for timeless elegance and everyday luxury. Made from premium-quality Khaddar, this set features an all-over digital printed Khaddar shirt, a matching printed trouser, and a beautifully coordinated digital printed Khaddar dupatta. ✨ 3-Piece Complete Set ✔️ Premium Khaddar Fabric ✔️ Digital Printed All-Over Shirt ✔️ Matching Printed Trouser ✔️ Digital Printed Khaddar Dupatta ✔️ Elegant Winter Colour Scheme ✔️ Outclass Fabric & Fine Finish ✔️ Original Regalia Collection A graceful winter classic made for women who love understated luxury.","3800 PKR","3800 PKR","https://res.cloudinary.com/bjtjg5o2/image/upload/v1788533862/nayara-products/lpjtaneph4jxyofm2nbe.jpg","https://www.nayarazone.store/shop/bfcf9034-ca7f-4195-9735-b0f411432cd5","in stock","new","Nayarazone","Apparel & Accessories > Clothing > Traditional & Ethnic Apparel","","Khaddar"
"b219a2a9-dc52-4db7-9abe-7c9c5065a4ca","b219a2a9-dc52-4db7-9abe-7c9c5065a4ca","Blush Blossom 3-pc Dhanak ","3PC Unstitched Embroidered Suit Experience premium winter elegance with this beautifully detailed 3-piece suit, crafted from best-quality pure Airjet Dhank. Featuring heavy thread embroidery throughout the shirt, an embroidered ready-to-wear Dhank dupatta, and an embroidered trouser for a complete sophisticated look. Fabric & Details Shirt: Pure Airjet Dhank Front: Full Heavy Thread Embroidery Sleeves: Heavy Embroidery Back: Plain Dhank Dupatta: Embroidered Dhank Ready-to-Wear Dupatta Trouser: Embroidered Dhank Quality Assurance ✔️ Best Quality Pure Airjet Dhank ✔️ After-Wash Guaranteed ✔️ Same as Original Quality","4000 PKR","4000 PKR","https://res.cloudinary.com/bjtjg5o2/image/upload/v1788532966/nayara-products/qyyrhpt4r6kkstingote.jpg","https://www.nayarazone.store/shop/b219a2a9-dc52-4db7-9abe-7c9c5065a4ca","in stock","new","Nayarazone","Apparel & Accessories > Clothing > Traditional & Ethnic Apparel","","Dhanak"
"5732971f-b2ed-4f8b-b994-1319f8423f73","5732971f-b2ed-4f8b-b994-1319f8423f73","Gul-e-rang 3-pc dhanak","Embrace the warmth and elegance of winter with this beautifully designed Dhanak 3-Piece Ensemble. Crafted for a sophisticated seasonal look, the outfit features an all-over printed Dhanak shirt paired with a dyed trouser and a stunning digital printed Dhanak dupatta. The rich winter fabric offers a comfortable and warm feel, while the coordinated prints create a graceful, effortlessly stylish appearance. Perfect for everyday winter wear as well as casual gatherings and seasonal occasions. Product Details Collection: Dhanak Collection 2026 Fabric: Premium Dhanak Category: 3-Piece Winter Suit Shirt: All-Over Printed Dhanak Trouser: Dyed Dupatta: Digital Printed Dhanak Season: Winter 2026 A perfect blend of warmth, comfort, and timeless winter elegance.","3500 PKR","3500 PKR","https://res.cloudinary.com/bjtjg5o2/image/upload/v1788532247/nayara-products/dm4ba3i2vwlgsg9feqit.jpg","https://www.nayarazone.store/shop/5732971f-b2ed-4f8b-b994-1319f8423f73","out of stock","new","Nayarazone","Apparel & Accessories > Clothing > Traditional & Ethnic Apparel","","Dhanak"
"13656d9b-5f56-49fa-8055-14e8eae96ed1","13656d9b-5f56-49fa-8055-14e8eae96ed1","Blush rose 3-pc Dhanak suit","Embrace the warmth and elegance of winter with this beautifully designed Dhanak 3-Piece Ensemble. Crafted for a sophisticated seasonal look, the outfit features an all-over printed Dhanak shirt paired with a dyed trouser and a stunning digital printed Dhanak dupatta. The rich winter fabric offers a comfortable and warm feel, while the coordinated prints create a graceful, effortlessly stylish appearance. Perfect for everyday winter wear as well as casual gatherings and seasonal occasions. Product Details Collection: Dhanak Collection 2026 Fabric: Premium Dhanak Category: 3-Piece Winter Suit Shirt: All-Over Printed Dhanak Trouser: Dyed Dupatta: Digital Printed Dhanak Season: Winter 2026 A perfect blend of warmth, comfort, and timeless winter elegance.","3500 PKR","3500 PKR","https://res.cloudinary.com/bjtjg5o2/image/upload/v1788532165/nayara-products/t1srcr9pfriyzkteeclh.jpg","https://www.nayarazone.store/shop/13656d9b-5f56-49fa-8055-14e8eae96ed1","in stock","new","Nayarazone","Apparel & Accessories > Clothing > Traditional & Ethnic Apparel","","Dhanak"
"c23a03c4-97dc-4d32-9789-233ebc982022","c23a03c4-97dc-4d32-9789-233ebc982022","Nayara Gulshann 3-Pc Dhanak ","Embrace the warmth and elegance of winter with this beautifully designed Dhanak 3-Piece Ensemble. Crafted for a sophisticated seasonal look, the outfit features an all-over printed Dhanak shirt paired with a dyed trouser and a stunning digital printed Dhanak dupatta. The rich winter fabric offers a comfortable and warm feel, while the coordinated prints create a graceful, effortlessly stylish appearance. Perfect for everyday winter wear as well as casual gatherings and seasonal occasions. Product Details Collection: Dhanak Collection 2026 Fabric: Premium Dhanak Category: 3-Piece Winter Suit Shirt: All-Over Printed Dhanak Trouser: Dyed Dupatta: Digital Printed Dhanak Season: Winter 2026 A perfect blend of warmth, comfort, and timeless winter elegance.","3800 PKR","3800 PKR","https://res.cloudinary.com/bjtjg5o2/image/upload/v1788532019/nayara-products/dedkjhlersd21ycqkvdw.jpg","https://www.nayarazone.store/shop/c23a03c4-97dc-4d32-9789-233ebc982022","in stock","new","Nayarazone","Apparel & Accessories > Clothing > Traditional & Ethnic Apparel","","Dhanak"
"2134cbc5-141c-43e7-98fe-050d42a1762c","2134cbc5-141c-43e7-98fe-050d42a1762c","Burgundy Bloom 3-Piece Linen","Discover timeless elegance with our 2026 Linen Collection, crafted for women who appreciate refined prints, premium fabric, and effortless style. Fabric: Premium Linen 72/72 Collection: Linen 3-Piece 2026 Set Includes: All-Over Digital Printed Linen Shirt Plain Linen Trouser Digital Printed Linen Dupatta Featuring an elegant all-over print paired with a sophisticated plain trouser and beautifully detailed digital printed dupatta, Noir Elysia brings together classic charm and modern luxury. ✨ Premium Fabric | Elegant Prints | Perfect Winter Wear Note: Actual colours may vary slightly due to photography, lighting, and screen settings.","3600 PKR","3600 PKR","https://res.cloudinary.com/bjtjg5o2/image/upload/v1788530881/nayara-products/ia6nifamfbc87luejsib.png","https://www.nayarazone.store/shop/2134cbc5-141c-43e7-98fe-050d42a1762c","out of stock","new","Nayarazone","Apparel & Accessories > Clothing > Traditional & Ethnic Apparel","","Linen"
"3282586b-ff74-4480-b8fb-821efa4f6e4a","3282586b-ff74-4480-b8fb-821efa4f6e4a","Pearl Grace 3-pc Linen","Discover timeless elegance with our 2026 Linen Collection, crafted for women who appreciate refined prints, premium fabric, and effortless style. Fabric: Premium Linen 72/72 Collection: Linen 3-Piece 2026 Set Includes: All-Over Digital Printed Linen Shirt Plain Linen Trouser Digital Printed Linen Dupatta Featuring an elegant all-over print paired with a sophisticated plain trouser and beautifully detailed digital printed dupatta, Noir Elysia brings together classic charm and modern luxury. ✨ Premium Fabric | Elegant Prints | Perfect Winter Wear Note: Actual colours may vary slightly due to photography, lighting, and screen settings.","3500 PKR","3500 PKR","https://res.cloudinary.com/bjtjg5o2/image/upload/v1788530009/nayara-products/cn6rxxsescmmk5gqqvj5.png","https://www.nayarazone.store/shop/3282586b-ff74-4480-b8fb-821efa4f6e4a","out of stock","new","Nayarazone","Apparel & Accessories > Clothing > Traditional & Ethnic Apparel","","Linen"
"77d6c0c5-0e66-484f-9d73-4f3a079d47aa","77d6c0c5-0e66-484f-9d73-4f3a079d47aa","Golden Heritage 3-PC DHANAK Unstitch","The front features full heavy embroidery, complemented by elegantly embroidered sleeves. A dyed Airjet Dhanak trouser completes the ensemble, while the digital printed wool shawl adds warmth, richness, and a graceful finishing touch. Product Details Fabric: 100% Full Procedure Airjet Dhanak Front: Full Heavy Embroidery Sleeves: Embroidery Trouser: Dyed Airjet Dhanak Shawl: Digital Print Wool Shawl Collection: Winter 2026–27 Category: Premium 3-Piece Winter Suit A perfect statement of winter luxury — warm, elegant, and beautifully embroidered for an effortlessly graceful look.","4250 PKR","4250 PKR","https://res.cloudinary.com/bjtjg5o2/image/upload/v1788352541/nayara-products/ucwyp63tnevjayteoaav.jpg","https://www.nayarazone.store/shop/77d6c0c5-0e66-484f-9d73-4f3a079d47aa","in stock","new","Nayarazone","Apparel & Accessories > Clothing > Traditional & Ethnic Apparel","","Dhanak"
"1b8459c1-b24f-4e4b-a893-3d29bec08774","1b8459c1-b24f-4e4b-a893-3d29bec08774","Ruby Royale —3PC Dhanak Premium ","Wrap yourself in timeless elegance with Ruby Royale, a luxurious winter ensemble crafted from 100% premium Airjet Dhanak. Designed for those who appreciate sophisticated detailing and statement prints, this ensemble beautifully combines intricate embroidery with a rich Digital Print Wool Shawl. The front features full embroidery, complemented by elegantly embroidered sleeves, while the dyed Airjet Dhanak trouser creates a perfectly coordinated look. The highlight of the outfit is its digital printed wool shawl, adding warmth, character, and a refined finishing touch. ✨ Product Details Fabric: 100% Premium Airjet Dhanak Front: Full Embroidery Sleeves: Embroidery Trouser: Dyed Airjet Dhanak Shawl: Digital Print Wool Shawl Collection: Winter Collection 2026–27 Type: Premium 3-Piece Winter Suit A perfect fusion of warmth, intricate embroidery, and luxurious winter styling — made to make every winter occasion effortlessly elegant.","3850 PKR","3850 PKR","https://res.cloudinary.com/bjtjg5o2/image/upload/v1788352108/nayara-products/hlphvvisalcfuzhwtpoy.jpg","https://www.nayarazone.store/shop/1b8459c1-b24f-4e4b-a893-3d29bec08774","in stock","new","Nayarazone","Apparel & Accessories > Clothing > Traditional & Ethnic Apparel","","Dhanak"
"f9b7c41f-6b8b-4166-9324-b96618f9b814","f9b7c41f-6b8b-4166-9324-b96618f9b814","Sapphire Grace 3-Pc Dhanak","Sapphire Grace — Premium Airjet Dhanak 3PC Wrap yourself in timeless elegance with SapphireGrace, a luxurious winter ensemble crafted from 100% premium Airjet Dhanak. Designed for those who appreciate sophisticated detailing and statement prints, this ensemble beautifully combines intricate embroidery with a rich Digital Print Wool Shawl. The front features full embroidery, complemented by elegantly embroidered sleeves, while the dyed Airjet Dhanak trouser creates a perfectly coordinated look. The highlight of the outfit is its digital printed wool shawl, adding warmth, character, and a refined finishing touch. ✨ Product Details Fabric: 100% Premium Airjet Dhanak Front: Full Embroidery Sleeves: Embroidery Trouser: Dyed Airjet Dhanak Shawl: Digital Print Wool Shawl Collection: Winter Collection 2026–27 Type: Premium 3-Piece Winter Suit A perfect fusion of warmth, intricate embroidery, and luxurious winter styling — made to make every winter occasion effortlessly elegant.","3850 PKR","3850 PKR","https://res.cloudinary.com/bjtjg5o2/image/upload/v1788351981/nayara-products/tybkcbprihlsgm5vyfmv.jpg","https://www.nayarazone.store/shop/f9b7c41f-6b8b-4166-9324-b96618f9b814","in stock","new","Nayarazone","Apparel & Accessories > Clothing > Traditional & Ethnic Apparel","","Dhanak"
"d055d54e-55a6-4d9f-92ee-5810dc8d974d","d055d54e-55a6-4d9f-92ee-5810dc8d974d","Mocha Blossom 3-Pc Dhanak Collection","Premium Dhanak Embroidered 3PC — Winter Collection 2026–27 Step into winter with timeless elegance and luxurious warmth. Our Premium Dhanak 3PC is crafted from 100% premium Airjet Dhanak, offering a soft, warm, and comfortable feel while maintaining a sophisticated look. The ensemble features a fully embroidered front with elegant detailing, beautifully coordinated embroidered sleeves, and a dyed trouser that completes the refined winter look. ✨ Product Features Fabric: 100% Premium Airjet Dhanak Front: Full Heavy Embroidery Sleeves: Embroidered Trouser: Dyed Category: Premium Winter 3PC Collection: Winter 2026–27 Feel: Warm, Soft & Comfortable Style: Elegant & Sophisticated Designed for effortless winter elegance — where premium warmth meets exquisite embroidery.","3450 PKR","3450 PKR","https://res.cloudinary.com/bjtjg5o2/image/upload/v1788351063/nayara-products/ywbifvegzedb5ncfsgmn.jpg","https://www.nayarazone.store/shop/d055d54e-55a6-4d9f-92ee-5810dc8d974d","in stock","new","Nayarazone","Apparel & Accessories > Clothing > Traditional & Ethnic Apparel","","Dhanak"
"5c3e85f2-dd4b-4a78-a913-0a83a454e24e","5c3e85f2-dd4b-4a78-a913-0a83a454e24e","Crimson Heritage 3-Pc Dhanak Unstitch","Premium Dhanak Embroidered 3PC — Winter Collection 2026–27 Step into winter with timeless elegance and luxurious warmth. Our Premium Dhanak 3PC is crafted from 100% premium Airjet Dhanak, offering a soft, warm, and comfortable feel while maintaining a sophisticated look. The ensemble features a fully embroidered front with elegant detailing, beautifully coordinated embroidered sleeves, and a dyed trouser that completes the refined winter look. ✨ Product Features Fabric: 100% Premium Airjet Dhanak Front: Full Heavy Embroidery Sleeves: Embroidered Trouser: Dyed Category: Premium Winter 3PC Collection: Winter 2026–27 Feel: Warm, Soft & Comfortable Style: Elegant & Sophisticated Designed for effortless winter elegance — where premium warmth meets exquisite embroidery.","3450 PKR","3450 PKR","https://res.cloudinary.com/bjtjg5o2/image/upload/v1788350941/nayara-products/mxagwxxmukzeeoxiwl9z.jpg","https://www.nayarazone.store/shop/5c3e85f2-dd4b-4a78-a913-0a83a454e24e","in stock","new","Nayarazone","Apparel & Accessories > Clothing > Traditional & Ethnic Apparel","","Dhanak"
"fc6d0c97-6368-478a-bbcd-ecbc63b5398a","fc6d0c97-6368-478a-bbcd-ecbc63b5398a","Oceanic Bloom 3-Pc Dhanak Suit","Premium Dhanak Embroidered 3PC — Winter Collection 2026–27 Step into winter with timeless elegance and luxurious warmth. Our Premium Dhanak 3PC is crafted from 100% premium Airjet Dhanak, offering a soft, warm, and comfortable feel while maintaining a sophisticated look. The ensemble features a fully embroidered front with elegant detailing, beautifully coordinated embroidered sleeves, and a dyed trouser that completes the refined winter look. ✨ Product Features Fabric: 100% Premium Airjet Dhanak Front: Full Heavy Embroidery Sleeves: Embroidered Trouser: Dyed Category: Premium Winter 3PC Collection: Winter 2026–27 Feel: Warm, Soft & Comfortable Style: Elegant & Sophisticated Designed for effortless winter elegance — where premium warmth meets exquisite embroidery.","3450 PKR","3450 PKR","https://res.cloudinary.com/bjtjg5o2/image/upload/v1788350770/nayara-products/rhvuxckgwt0e8sng8ek2.jpg","https://www.nayarazone.store/shop/fc6d0c97-6368-478a-bbcd-ecbc63b5398a","in stock","new","Nayarazone","Apparel & Accessories > Clothing > Traditional & Ethnic Apparel","","Dhanak"
"ea477086-1f69-4878-86bb-05b8df2ce80b","ea477086-1f69-4878-86bb-05b8df2ce80b","Plum Elegance 3-Piece Dhanak Suit","Premium Dhanak Embroidered 3PC — Winter Collection 2026–27 Step into winter with timeless elegance and luxurious warmth. Our Premium Dhanak 3PC is crafted from 100% premium Airjet Dhanak, offering a soft, warm, and comfortable feel while maintaining a sophisticated look. The ensemble features a fully embroidered front with elegant detailing, beautifully coordinated embroidered sleeves, and a dyed trouser that completes the refined winter look. ✨ Product Features Fabric: 100% Premium Airjet Dhanak Front: Full Heavy Embroidery Sleeves: Embroidered Trouser: Dyed Category: Premium Winter 3PC Collection: Winter 2026–27 Feel: Warm, Soft & Comfortable Style: Elegant & Sophisticated Designed for effortless winter elegance — where premium warmth meets exquisite embroidery.","3450 PKR","3450 PKR","https://res.cloudinary.com/bjtjg5o2/image/upload/v1788350593/nayara-products/jxdchhnl44czzgtibvxh.jpg","https://www.nayarazone.store/shop/ea477086-1f69-4878-86bb-05b8df2ce80b","in stock","new","Nayarazone","Apparel & Accessories > Clothing > Traditional & Ethnic Apparel","","Dhanak"
"18b7d59a-0233-4d1c-aa4b-4d6141a20ef2","18b7d59a-0233-4d1c-aa4b-4d6141a20ef2","Black Rose 3-Piece Linen ","Discover timeless elegance with our 2026 Linen Collection, crafted for women who appreciate refined prints, premium fabric, and effortless style. Fabric: Premium Linen 72/72 Collection: Linen 3-Piece 2026 Set Includes: All-Over Digital Printed Linen Shirt Plain Linen Trouser Digital Printed Linen Dupatta Featuring an elegant all-over print paired with a sophisticated plain trouser and beautifully detailed digital printed dupatta, Noir Elysia brings together classic charm and modern luxury. ✨ Premium Fabric | Elegant Prints | Perfect Winter Wear Note: Actual colours may vary slightly due to photography, lighting, and screen settings.","3500 PKR","3500 PKR","https://res.cloudinary.com/bjtjg5o2/image/upload/v1788531383/nayara-products/svuk5tlhelfq8nygf18t.png","https://www.nayarazone.store/shop/18b7d59a-0233-4d1c-aa4b-4d6141a20ef2","in stock","new","Nayarazone","Apparel & Accessories > Clothing > Traditional & Ethnic Apparel","","Linen"
"6e05018a-7617-4575-9b8f-d3170332be6f","6e05018a-7617-4575-9b8f-d3170332be6f","Emerald Petal 3-Pc Linen Suit","Printed Linen 3-Piece Suit Elevate your winter wardrobe with this effortlessly elegant Printed Linen 3-Piece Suit, crafted for timeless sophistication and everyday luxury. Fabric & Details Printed Linen Shirt Linen Trouser Printed Linen Dupatta Premium-quality linen fabric Comfortable, warm, and perfect for winter wear Elegant printed design with a refined finish 💯 Quality Guaranteed Note: Due to photography, lighting, and screen settings, the actual colour may vary slightly from the product shown.","3500 PKR","3500 PKR","https://res.cloudinary.com/bjtjg5o2/image/upload/v1788332876/nayara-products/rb8qt6qadwln46lj8y6e.jpg","https://www.nayarazone.store/shop/6e05018a-7617-4575-9b8f-d3170332be6f","out of stock","new","Nayarazone","Apparel & Accessories > Clothing > Traditional & Ethnic Apparel","","Linen"
"6222d72b-b1c4-4ad4-9328-8c2d1a9088ae","6222d72b-b1c4-4ad4-9328-8c2d1a9088ae","Crimson Grace 3-pc Linen Unstitch ","Printed Linen 3-Piece Suit Elevate your winter wardrobe with this effortlessly elegant Printed Linen 3-Piece Suit, crafted for timeless sophistication and everyday luxury. Fabric & Details Printed Linen Shirt Linen Trouser Printed Linen Dupatta Premium-quality linen fabric Comfortable, warm, and perfect for winter wear Elegant printed design with a refined finish 💯 Quality Guaranteed Note: Due to photography, lighting, and screen settings, the actual colour may vary slightly from the product shown.","3500 PKR","3500 PKR","https://res.cloudinary.com/bjtjg5o2/image/upload/v1788332758/nayara-products/eblcabejtq5zinyatqo7.jpg","https://www.nayarazone.store/shop/6222d72b-b1c4-4ad4-9328-8c2d1a9088ae","out of stock","new","Nayarazone","Apparel & Accessories > Clothing > Traditional & Ethnic Apparel","","Linen"
"0169dde0-5130-4e5b-af92-75ce08533d42","0169dde0-5130-4e5b-af92-75ce08533d42","Noir Elysia 3-Piece Linen","Discover timeless elegance with our 2026 Linen Collection, crafted for women who appreciate refined prints, premium fabric, and effortless style. Fabric: Premium Linen 72/72 Collection: Linen 3-Piece 2026 Set Includes: All-Over Digital Printed Linen Shirt Plain Linen Trouser Digital Printed Linen Dupatta Featuring an elegant all-over print paired with a sophisticated plain trouser and beautifully detailed digital printed dupatta, Noir Elysia brings together classic charm and modern luxury. ✨ Premium Fabric | Elegant Prints | Perfect Winter Wear Note: Actual colours may vary slightly due to photography, lighting, and screen settings.","3400 PKR","3400 PKR","https://res.cloudinary.com/bjtjg5o2/image/upload/v1788331957/nayara-products/wdokb3zlvtcpldwtczyq.png","https://www.nayarazone.store/shop/0169dde0-5130-4e5b-af92-75ce08533d42","in stock","new","Nayarazone","Apparel & Accessories > Clothing > Traditional & Ethnic Apparel","","Linen"
"eb02ca72-f923-4fda-853b-fb25cd7a8f2f","eb02ca72-f923-4fda-853b-fb25cd7a8f2f","Rust Royale 3-Pc Khaddar Suit","Elevate your winter wardrobe with Rust Royale, a beautifully crafted 3-piece Khaddar ensemble designed for timeless elegance and everyday luxury. Made from premium-quality Khaddar, this set features an all-over digital printed Khaddar shirt, a matching printed trouser, and a beautifully coordinated digital printed Khaddar dupatta. ✨ 3-Piece Complete Set ✔️ Premium Khaddar Fabric ✔️ Digital Printed All-Over Shirt ✔️ Matching Printed Trouser ✔️ Digital Printed Khaddar Dupatta ✔️ Elegant Winter Colour Scheme ✔️ Outclass Fabric & Fine Finish ✔️ Original Regalia Collection A graceful winter classic made for women who love understated luxury.","3800 PKR","3800 PKR","https://res.cloudinary.com/bjtjg5o2/image/upload/v1788124689/nayara-products/f4csqowmze1p6mieivpr.png","https://www.nayarazone.store/shop/eb02ca72-f923-4fda-853b-fb25cd7a8f2f","in stock","new","Nayarazone","Apparel & Accessories > Clothing > Traditional & Ethnic Apparel","","Khaddar"
"7400de90-c25b-4d5c-b2a0-3a1754fb8e8f","7400de90-c25b-4d5c-b2a0-3a1754fb8e8f","Midnight Pearl 3-Pc Dhanak Embroidered ","🍂 MARIA B 2711 — Winter Collection Step into winter elegance with Maria B 2711, a beautifully crafted 3-piece ensemble made from premium Airjet Dhanak. Featuring rich embroidery and a ready-to-wear bordered dupatta, this design brings together traditional craftsmanship and sophisticated winter style. ✨ Details Premium Airjet Dhanak fabric Full heavy embroidered front Heavy embroidered sleeves Embroidered Dhanak dupatta with four-side embroidered borders Ready-to-wear dupatta Dyed Dhanak trouser After-wash quality guaranteed NAYARA WINTER COLLECTION Timeless embroidery. Effortless winter elegance.","4650 PKR","4650 PKR","https://res.cloudinary.com/bjtjg5o2/image/upload/v1788123646/nayara-products/hd1ig385d6h6lbkhuctn.jpg","https://www.nayarazone.store/shop/7400de90-c25b-4d5c-b2a0-3a1754fb8e8f","in stock","new","Nayarazone","Apparel & Accessories > Clothing > Traditional & Ethnic Apparel","","Dhanak"
"d4f25088-0cbe-4068-b05f-be78133d459f","d4f25088-0cbe-4068-b05f-be78133d459f"," MAHNUR — 3 PC Dhanak ","🍂 MAHNUR — Winter Collection Embrace the elegance of winter with Mahnur, a richly detailed 3-piece ensemble crafted in premium Airjet Dhanak. Designed with intricate embroidery and refined finishing, this winter essential brings together warmth, luxury, and timeless sophistication. ✨ Details Premium Airjet Dhanak fabric Heavy embroidered front Heavy embroidered sleeves Heavy embroidered Dhanak dupatta Embroidered sleeves & daman patches Dyed Dhanak trouser Comes with catalog & premium bag After-wash quality guaranteed NAYARA WINTER COLLECTION Crafted for elegance. Made for winter.","4650 PKR","4650 PKR","https://res.cloudinary.com/bjtjg5o2/image/upload/v1788123320/nayara-products/sgjs2hxcnn7ofjztktrc.jpg","https://www.nayarazone.store/shop/d4f25088-0cbe-4068-b05f-be78133d459f","in stock","new","Nayarazone","Apparel & Accessories > Clothing > Traditional & Ethnic Apparel","","Dhanak"
"eaa1a5f5-ba0c-4b87-835b-8c724451ffee","eaa1a5f5-ba0c-4b87-835b-8c724451ffee","Warm Tradition 3 Piece Linen Collection","Printed Linen 3-Piece Suit Elevate your winter wardrobe with this effortlessly elegant Printed Linen 3-Piece Suit, crafted for timeless sophistication and everyday luxury. Fabric & Details Printed Linen Shirt Linen Trouser Printed Linen Dupatta Premium-quality linen fabric Comfortable, warm, and perfect for winter wear Elegant printed design with a refined finish 💯 Quality Guaranteed Note: Due to photography, lighting, and screen settings, the actual colour may vary slightly from the product shown.","3300 PKR","3300 PKR","https://res.cloudinary.com/bjtjg5o2/image/upload/v1788027250/nayara-products/wvx7ttbh27zuuplxv9yh.jpg","https://www.nayarazone.store/shop/eaa1a5f5-ba0c-4b87-835b-8c724451ffee","out of stock","new","Nayarazone","Apparel & Accessories > Clothing > Traditional & Ethnic Apparel","","Linen"
"79ebe356-c756-4a6e-a64d-2e815ac0c1c2","79ebe356-c756-4a6e-a64d-2e815ac0c1c2","Emerald Rose 3-Piece Linen Unstitch","Printed Linen 3-Piece Suit Elevate your winter wardrobe with this effortlessly elegant Printed Linen 3-Piece Suit, crafted for timeless sophistication and everyday luxury. Fabric & Details Printed Linen Shirt Linen Trouser Printed Linen Dupatta Premium-quality linen fabric Comfortable, warm, and perfect for winter wear Elegant printed design with a refined finish 💯 Quality Guaranteed Note: Due to photography, lighting, and screen settings, the actual colour may vary slightly from the product shown.","3300 PKR","3300 PKR","https://res.cloudinary.com/bjtjg5o2/image/upload/v1788027175/nayara-products/ocfzmlsfr8c7hpot1pyf.jpg","https://www.nayarazone.store/shop/79ebe356-c756-4a6e-a64d-2e815ac0c1c2","out of stock","new","Nayarazone","Apparel & Accessories > Clothing > Traditional & Ethnic Apparel","","Linen"
"6fa598a2-da93-470d-8235-0b8338051895","6fa598a2-da93-470d-8235-0b8338051895","Teal Linen 3-Piece Linen ","Printed Linen 3-Piece Suit Elevate your winter wardrobe with this effortlessly elegant Printed Linen 3-Piece Suit, crafted for timeless sophistication and everyday luxury. Fabric & Details Printed Linen Shirt Linen Trouser Printed Linen Dupatta Premium-quality linen fabric Comfortable, warm, and perfect for winter wear Elegant printed design with a refined finish 💯 Quality Guaranteed Note: Due to photography, lighting, and screen settings, the actual colour may vary slightly from the product shown.","3800 PKR","3300 PKR","https://res.cloudinary.com/bjtjg5o2/image/upload/v1788025592/nayara-products/dy68sq4la3tqphdjfcnw.jpg","https://www.nayarazone.store/shop/6fa598a2-da93-470d-8235-0b8338051895","out of stock","new","Nayarazone","Apparel & Accessories > Clothing > Traditional & Ethnic Apparel","","Linen"
"0ca85a02-aca1-4d7b-935c-704f13db8ce5","0ca85a02-aca1-4d7b-935c-704f13db8ce5","Bluebell Garden 3 Piece Linen Collection","Printed Linen 3-Piece Suit Elevate your winter wardrobe with this effortlessly elegant Printed Linen 3-Piece Suit, crafted for timeless sophistication and everyday luxury. Fabric & Details Printed Linen Shirt Linen Trouser Printed Linen Dupatta Premium-quality linen fabric Comfortable, warm, and perfect for winter wear Elegant printed design with a refined finish 💯 Quality Guaranteed Note: Due to photography, lighting, and screen settings, the actual colour may vary slightly from the product shown.","3300 PKR","3300 PKR","https://res.cloudinary.com/bjtjg5o2/image/upload/v1788025408/nayara-products/howa7ucsdadxnhgwt3eq.jpg","https://www.nayarazone.store/shop/0ca85a02-aca1-4d7b-935c-704f13db8ce5","out of stock","new","Nayarazone","Apparel & Accessories > Clothing > Traditional & Ethnic Apparel","","Linen"
"68583f19-bd8c-4000-8f29-35e033a704e8","68583f19-bd8c-4000-8f29-35e033a704e8","Serene yellow 3 Piece Linen Unstitch","Printed Linen 3-Piece Suit Elevate your winter wardrobe with this effortlessly elegant Printed Linen 3-Piece Suit, crafted for timeless sophistication and everyday luxury. Fabric & Details Printed Linen Shirt Linen Trouser Printed Linen Dupatta Premium-quality linen fabric Comfortable, warm, and perfect for winter wear Elegant printed design with a refined finish 💯 Quality Guaranteed Note: Due to photography, lighting, and screen settings, the actual colour may vary slightly from the product shown.","3300 PKR","3300 PKR","https://res.cloudinary.com/bjtjg5o2/image/upload/v1788025318/nayara-products/ooolkc1zjcrah0nbuxjo.jpg","https://www.nayarazone.store/shop/68583f19-bd8c-4000-8f29-35e033a704e8","out of stock","new","Nayarazone","Apparel & Accessories > Clothing > Traditional & Ethnic Apparel","","Linen"
"f3175a94-4686-4865-996d-a3b6aec70429","f3175a94-4686-4865-996d-a3b6aec70429","Plum Grace 3 Piece Linen Collection","Printed Linen 3-Piece Suit Elevate your winter wardrobe with this effortlessly elegant Printed Linen 3-Piece Suit, crafted for timeless sophistication and everyday luxury. Fabric & Details Printed Linen Shirt Linen Trouser Printed Linen Dupatta Premium-quality linen fabric Comfortable, warm, and perfect for winter wear Elegant printed design with a refined finish 💯 Quality Guaranteed Note: Due to photography, lighting, and screen settings, the actual colour may vary slightly from the product shown.","3300 PKR","3300 PKR","https://res.cloudinary.com/bjtjg5o2/image/upload/v1788025232/nayara-products/rxw6wrks0w5fdhwyc3zu.jpg","https://www.nayarazone.store/shop/f3175a94-4686-4865-996d-a3b6aec70429","out of stock","new","Nayarazone","Apparel & Accessories > Clothing > Traditional & Ethnic Apparel","","Linen"
"03378c1e-5f77-435c-9636-c012df1edd95","03378c1e-5f77-435c-9636-c012df1edd95","Pastel Floral Elegant 3 Piece Linen ","Printed Linen 3-Piece Suit Elevate your winter wardrobe with this effortlessly elegant Printed Linen 3-Piece Suit, crafted for timeless sophistication and everyday luxury. Fabric & Details Printed Linen Shirt Linen Trouser Printed Linen Dupatta Premium-quality linen fabric Comfortable, warm, and perfect for winter wear Elegant printed design with a refined finish 💯 Quality Guaranteed Note: Due to photography, lighting, and screen settings, the actual colour may vary slightly from the product shown.","3300 PKR","3300 PKR","https://res.cloudinary.com/bjtjg5o2/image/upload/v1788025083/nayara-products/d83eze7n3bshbrgvtax3.jpg","https://www.nayarazone.store/shop/03378c1e-5f77-435c-9636-c012df1edd95","in stock","new","Nayarazone","Apparel & Accessories > Clothing > Traditional & Ethnic Apparel","","Linen"